id,tranId,asset,amount,divTime,enInfo,direction,Date,Time
4928642343383065954,351900494565,RWUSD,0.79547286,1771728376000,RWUSD rewards distribution,1,2026-02-22,04:46:16
4927191594443593040,351763477837,RWUSD,0.89292001,1771641905000,RWUSD rewards distribution,1,2026-02-21,04:45:05
4925711843908506979,351581155611,RWUSD,0.9902611,1771553705000,RWUSD rewards distribution,1,2026-02-20,04:15:05
4924262422031682097,351416710354,RWUSD,0.9901693,1771467312000,RWUSD rewards distribution,1,2026-02-19,04:15:12
4922812760126510378,351237279847,RWUSD,0.94126137,1771380906000,RWUSD rewards distribution,1,2026-02-18,04:15:06
4921364174209668387,351024855616,RWUSD,0.94117157,1771294563000,RWUSD rewards distribution,1,2026-02-17,04:16:03
4919914161684568355,350801384287,RWUSD,0.9206864,1771208136000,RWUSD rewards distribution,1,2026-02-16,04:15:36
4918494500175766868,350567193060,RWUSD,0.92059662,1771123517000,RWUSD rewards distribution,1,2026-02-15,04:45:17
4917015134805718825,350356727270,RWUSD,0.9205343,1771035340000,RWUSD rewards distribution,1,2026-02-14,04:15:40
4915595623977146649,350149606968,RWUSD,0.63895971,1770950731000,RWUSD rewards distribution,1,2026-02-13,04:45:31
4914262169699737896,349939074764,USDT,0.027396,1770871251000,Flexible,1,2026-02-12,06:40:51
4914116276963171168,349919809609,RWUSD,0.6388974,1770862555000,RWUSD rewards distribution,1,2026-02-12,04:15:55
4912823655065183556,349698337056,USDT,0.027396,1770785509000,Flexible,1,2026-02-11,06:51:49
4912696830905279826,349679944837,RWUSD,0.63883509,1770777949000,RWUSD rewards distribution,1,2026-02-11,04:45:49
4911216560793182485,349467088620,RWUSD,0.63883509,1770689718000,RWUSD rewards distribution,1,2026-02-10,04:15:18
4909797286049210184,349247506827,RWUSD,0.73622573,1770605123000,RWUSD rewards distribution,1,2026-02-09,04:45:23
4908491137927378775,349049584015,USDC,0.00001375,1770527270000,Flexible,1,2026-02-08,07:07:50
4908348006236668475,349031797168,RWUSD,0.73615394,1770518739000,RWUSD rewards distribution,1,2026-02-08,04:45:39
4907048373660843794,348813879056,USDC,0.00001374,1770441275000,Flexible,1,2026-02-07,07:14:35
4906867859639040310,348782831990,RWUSD,0.73608215,1770430516000,RWUSD rewards distribution,1,2026-02-07,04:15:16
4905601834329817689,348504586251,USDC,0.00001374,1770355055000,Flexible,1,2026-02-06,07:17:35
4905418401896972855,348464073296,RWUSD,0.73601418,1770344121000,RWUSD rewards distribution,1,2026-02-06,04:15:21
4904114426101927697,348044893423,USDC,0.00001374,1770266398000,Flexible,1,2026-02-05,06:39:58
4903969995020714072,348006559618,RWUSD,0.69693251,1770257789000,RWUSD rewards distribution,1,2026-02-05,04:16:29
4902754080228892450,347729584619,USDC,0.00001374,1770185315000,Flexible,1,2026-02-04,08:08:35
4902519499685148930,347690664816,RWUSD,0.6968717,1770171333000,RWUSD rewards distribution,1,2026-02-04,04:15:33
4901185098266653992,347402944578,USDC,0.00001373,1770091797000,Flexible,1,2026-02-03,06:09:57
4901069542138777124,347382451743,RWUSD,0.62346705,1770084909000,RWUSD rewards distribution,1,2026-02-03,04:15:09
4899745079385061728,347119128965,USDC,0.00001373,1770005947000,Flexible,1,2026-02-02,06:19:07
4899650114201334599,347087005939,RWUSD,0.6039013,1770000304000,RWUSD rewards distribution,1,2026-02-02,04:45:04
4898388750629683491,346811211619,USDC,0.00001373,1769925114000,Flexible,1,2026-02-01,07:51:54
4898201128544093980,346779801531,RWUSD,0.60384241,1769913938000,RWUSD rewards distribution,1,2026-02-01,04:45:38
4896936628555887452,346483047744,USDC,0.00001372,1769838554000,Flexible,1,2026-01-31,07:49:14
4896721109707769673,346455958950,RWUSD,0.60378353,1769825722000,RWUSD rewards distribution,1,2026-01-31,04:15:22
4895492703816537394,346217806404,USDC,0.00001372,1769752486000,Flexible,1,2026-01-30,07:54:46
4895272330599780946,346173361374,RWUSD,0.60372465,1769739368000,RWUSD rewards distribution,1,2026-01-30,04:16:08
4894032062257669704,345908824488,USDC,0.00001372,1769665429000,Flexible,1,2026-01-29,07:43:49
4893852750812390916,345872397942,RWUSD,0.60366578,1769654755000,RWUSD rewards distribution,1,2026-01-29,04:45:55
4892618493296295003,345650273318,USDC,0.00001372,1769581171000,Flexible,1,2026-01-28,08:19:31
4892433019029959473,345621039316,RWUSD,0.60360691,1769570132000,RWUSD rewards distribution,1,2026-01-28,05:15:32
4891132773598704986,345399497314,USDC,0.00001371,1769492621000,Flexible,1,2026-01-27,07:43:41
4890922961591300923,345368327562,RWUSD,0.6035512,1769480126000,RWUSD rewards distribution,1,2026-01-27,04:15:26
4889697009864596229,345142138375,USDC,0.00001371,1769406895000,Flexible,1,2026-01-26,07:54:55
4889473641960896803,345103495425,RWUSD,0.57116387,1769393739000,RWUSD rewards distribution,1,2026-01-26,04:15:39
4888241154253217856,344853167620,USDC,0.00001371,1769320102000,Flexible,1,2026-01-25,07:48:22
4888023697169863999,344820336080,RWUSD,0.57110818,1769307316000,RWUSD rewards distribution,1,2026-01-25,04:15:16
4886782467156911645,344641339919,USDC,0.0000137,1769233252000,Flexible,1,2026-01-24,07:40:52
4886604856582326066,344614842833,RWUSD,0.57105248,1769222746000,RWUSD rewards distribution,1,2026-01-24,04:45:46
4885338145001009983,344387719424,USDC,0.0000137,1769147147000,Flexible,1,2026-01-23,07:45:47
4885124876574929762,344357604085,RWUSD,0.5709968,1769134533000,RWUSD rewards distribution,1,2026-01-23,04:15:33
4883878369701452550,344150673097,USDC,0.0000137,1769060213000,Flexible,1,2026-01-22,07:36:53
4883675495776731483,344121538345,RWUSD,0.57094111,1769048143000,RWUSD rewards distribution,1,2026-01-22,04:15:43
4882443450693101133,343867670788,USDC,0.0000137,1768974509000,Flexible,1,2026-01-21,07:48:29
4882255632397712713,343838432961,RWUSD,0.57094111,1768963512000,RWUSD rewards distribution,1,2026-01-21,04:45:12
4880989492950377790,343594116544,USDC,0.00001369,1768887912000,Flexible,1,2026-01-20,07:45:12
4880775836728637235,343562732301,RWUSD,0.58058129,1768875310000,RWUSD rewards distribution,1,2026-01-20,04:15:10
4879530834273955612,343378906469,USDC,0.00001369,1768801059000,Flexible,1,2026-01-19,07:37:39
4879326881900856931,343350122667,RWUSD,0.58053418,1768788945000,RWUSD rewards distribution,1,2026-01-19,04:15:45
4877876749499200534,343115551332,RWUSD,0.48298348,1768702511000,RWUSD rewards distribution,1,2026-01-18,04:15:11
4876427604867511371,342935690059,RWUSD,0.58040808,1768616135000,RWUSD rewards distribution,1,2026-01-17,04:15:35
4874977559206770488,342718846631,RWUSD,0.54375984,1768529706000,RWUSD rewards distribution,1,2026-01-16,04:15:06
4873618726389317470,342471388099,RWUSD,0.54370682,1768448713000,RWUSD rewards distribution,1,2026-01-15,05:45:13
4872079295292226344,342184150066,RWUSD,0.5436538,1768356956000,RWUSD rewards distribution,1,2026-01-14,04:15:56
4870629378299559716,341912579982,RWUSD,0.54360078,1768270534000,RWUSD rewards distribution,1,2026-01-13,04:15:34
4869179615986170683,341683482799,RWUSD,0.54354777,1768184121000,RWUSD rewards distribution,1,2026-01-12,04:15:21
4867730407252009473,341501189109,RWUSD,0.54349477,1768097742000,RWUSD rewards distribution,1,2026-01-11,04:15:42
4866280628903372363,341341023680,RWUSD,0.54344177,1768011328000,RWUSD rewards distribution,1,2026-01-10,04:15:28
4864831371586582275,341137865551,RWUSD,0.54338878,1767924946000,RWUSD rewards distribution,1,2026-01-09,04:15:46
4863381527413706791,340896217658,RWUSD,0.54333132,1767838528000,RWUSD rewards distribution,1,2026-01-08,04:15:28
4861931847216091486,340654179886,RWUSD,0.58905538,1767752121000,RWUSD rewards distribution,1,2026-01-07,04:15:21
4860625023661282055,340389919007,USDC,0.00577659,1767674219000,Flexible,1,2026-01-06,06:36:59
4860482087972031534,340364364119,RWUSD,0.58900747,1767665708000,RWUSD rewards distribution,1,2026-01-06,04:15:08
4859032437598327607,340082755277,RWUSD,0.45309982,1767579302000,RWUSD rewards distribution,1,2026-01-05,04:15:02
4857583091052984584,339830380121,RWUSD,0.45305191,1767492914000,RWUSD rewards distribution,1,2026-01-04,04:15:14
4856133526354674987,339612906488,RWUSD,0.45301331,1767406514000,RWUSD rewards distribution,1,2026-01-03,04:15:14
4854683779687855165,339355721380,RWUSD,0.36496989,1767320102000,RWUSD rewards distribution,1,2026-01-02,04:15:02
4853234603667532561,339138420734,RWUSD,0.36493131,1767233724000,RWUSD rewards distribution,1,2026-01-01,04:15:24
4851784986455310113,338876772074,RWUSD,0.36489272,1767147320000,RWUSD rewards distribution,1,2025-12-31,04:15:20
4850335205153298763,338648133283,RWUSD,0.36485414,1767060907000,RWUSD rewards distribution,1,2025-12-30,04:15:07
4848885905172316741,338399729661,RWUSD,0.36481556,1766974522000,RWUSD rewards distribution,1,2025-12-29,04:15:22
4847436534652135948,338205881242,RWUSD,0.36477699,1766888133000,RWUSD rewards distribution,1,2025-12-28,04:15:33
4845986910329427719,338013388255,RWUSD,0.36473842,1766801728000,RWUSD rewards distribution,1,2025-12-27,04:15:28
4844717430720473910,337820265220,USDT,0.00000001,1766726001000,Flexible,1,2025-12-26,07:13:21
4844537065247951886,337784798569,RWUSD,0.36469986,1766715311000,RWUSD rewards distribution,1,2025-12-26,04:15:11
4843336688945130042,337593358712,USDT,0.00000001,1766643681000,Flexible,1,2025-12-25,08:21:21
4843087357373120812,337550803476,RWUSD,0.3646613,1766628901000,RWUSD rewards distribution,1,2025-12-25,04:15:01
4841861144797315330,337356844358,USDT,0.00000001,1766555753000,Flexible,1,2025-12-24,07:55:53
4841637919359403078,337317848382,RWUSD,0.3646613,1766542508000,RWUSD rewards distribution,1,2025-12-24,04:15:08
4838949265213333314,336837870039,USDT,0.027396,1766382190000,Flexible,1,2025-12-22,07:43:10
4837478834627822147,336580384427,USDT,0.027396,1766294477000,Flexible,1,2025-12-21,07:21:17
4836059224440418064,336379837228,USDT,0.027396,1766209865000,Flexible,1,2025-12-20,07:51:05
4834600000842847298,336125416035,USDT,0.027396,1766122969000,Flexible,1,2025-12-19,07:42:49
4833125207070010422,335824617541,USDT,0.027396,1766035035000,Flexible,1,2025-12-18,07:17:15
4831701239653160028,335544379468,USDT,0.027396,1765950178000,Flexible,1,2025-12-17,07:42:58
4830155843913806910,335266272017,USDT,0.027396,1765858091000,Flexible,1,2025-12-16,06:08:11
4828784620975809875,334996514504,USDT,0.027396,1765776328000,Flexible,1,2025-12-15,07:25:28
4827300755633001288,334754513431,USDT,0.027396,1765687837000,Flexible,1,2025-12-14,06:50:37
4825878169049027380,334575411336,USDT,0.027396,1765603057000,Flexible,1,2025-12-13,07:17:37
4824372710164566811,334322916844,USDT,0.027396,1765513262000,Flexible,1,2025-12-12,06:21:02
4822942833207611235,334059205067,USDT,0.027396,1765428157000,Flexible,1,2025-12-11,06:42:37
4821464139707559757,333744837675,USDT,0.027396,1765339967000,Flexible,1,2025-12-10,06:12:47
4820039728849483322,333473008554,USDT,0.027396,1765255116000,Flexible,1,2025-12-09,06:38:36
4818560931726169691,333223539938,USDT,0.027396,1765166954000,Flexible,1,2025-12-08,06:09:14
4817115243875923512,332984584511,USDT,0.027396,1765080776000,Flexible,1,2025-12-07,06:12:56
4815664641408083017,332780076034,USDT,0.027396,1764994329000,Flexible,1,2025-12-06,06:12:09
4814227177227976995,332517900925,USDT,0.027396,1764908621000,Flexible,1,2025-12-05,06:23:41
4812773682437653793,332262422510,USDT,0.027396,1764821963000,Flexible,1,2025-12-04,06:19:23
4811321195406926905,331976474516,USDT,0.027396,1764735419000,Flexible,1,2025-12-03,06:16:59
4809867522768422184,331679845582,USDT,0.027396,1764648778000,Flexible,1,2025-12-02,06:12:58
4808512235707208534,331409207333,USDT,0.027396,1764567987000,Flexible,1,2025-12-01,07:46:27
4807070754703040053,331150783439,USDT,0.027396,1764482061000,Flexible,1,2025-11-30,07:54:21
4805617949540257812,330926264371,USDT,0.027396,1764395436000,Flexible,1,2025-11-29,07:50:36
4804137823415599427,330649764884,USDT,0.027396,1764307232000,Flexible,1,2025-11-28,07:20:32
4802715105389365254,330391376499,USDT,0.027396,1764222430000,Flexible,1,2025-11-27,07:47:10
4801224837267527232,330091104926,USDT,0.027396,1764133673000,Flexible,1,2025-11-26,07:07:53
4799793878709153630,329773977197,USDT,0.027396,1764048335000,Flexible,1,2025-11-25,07:25:35
4798344568915170849,329438749174,USDT,0.027396,1763961943000,Flexible,1,2025-11-24,07:25:43
4796882232181370629,329118143049,USDT,0.027396,1763874806000,Flexible,1,2025-11-23,07:13:26
4795442558887839044,328788077130,USDT,0.027396,1763788935000,Flexible,1,2025-11-22,07:22:15
4793983762162276191,328314691821,USDT,0.027396,1763702044000,Flexible,1,2025-11-21,07:14:04
4792544224701874516,327870797737,USDT,0.027396,1763615808000,Flexible,1,2025-11-20,07:16:48
4791125587738562905,327465160386,USDT,0.027396,1763531244000,Flexible,1,2025-11-19,07:47:24
4789685871609785427,327027433826,USDT,0.027396,1763445405000,Flexible,1,2025-11-18,07:56:45
4788126542747399686,326473346457,USDT,0.027396,1763352948000,Flexible,1,2025-11-17,06:15:48
4786783648079924309,326048043632,USDT,0.027396,1763272823000,Flexible,1,2025-11-16,08:00:23
4785244044216491356,325627689025,USDT,0.027396,1763181076000,Flexible,1,2025-11-15,06:31:16
4783832773360235788,325107930137,USDT,0.027396,1763097006000,Flexible,1,2025-11-14,07:10:06
4782347919757134891,324560789968,USDT,0.027396,1763008294000,Flexible,1,2025-11-13,06:31:34
4780902155697587470,324074188240,USDT,0.027396,1762922340000,Flexible,1,2025-11-12,06:39:00
4779422944569807941,323583210987,USDT,0.027396,1762834175000,Flexible,1,2025-11-11,06:09:35
4777980094897033735,323068558151,USDT,0.027396,1762748126000,Flexible,1,2025-11-10,06:15:26
4776537993894757670,322590572354,USDT,0.027396,1762662096000,Flexible,1,2025-11-09,06:21:36
4773637170869194041,321467814005,USDT,0.027396,1762489258000,Flexible,1,2025-11-07,06:20:58
4772197760344724238,320947297673,USDT,0.027396,1762403460000,Flexible,1,2025-11-06,06:31:00
4770742739529739091,320474446851,USDT,0.027396,1762316714000,Flexible,1,2025-11-05,06:25:14
4769288026200580126,319804089675,USDT,0.027396,1762230034000,Flexible,1,2025-11-04,06:20:34
4767842695351622735,319293617031,USDT,0.027396,1762143859000,Flexible,1,2025-11-03,06:24:19
4766393504129604649,318903724145,USDT,0.027396,1762057536000,Flexible,1,2025-11-02,06:25:36
4765029727188751187,318581039921,USDT,0.043834,1761976242000,Flexible,1,2025-11-01,07:50:42
4763584614716761904,318175247738,USDT,0.043834,1761890091000,Flexible,1,2025-10-31,07:54:51
4762130283920122709,317699769349,USDT,0.043834,1761803414000,Flexible,1,2025-10-30,08:50:14
4760669852440752189,317219691064,USDT,0.043834,1761716410000,Flexible,1,2025-10-29,08:40:10
4759208014268100624,316784761297,USDT,0.043834,1761629265000,Flexible,1,2025-10-28,08:27:45
4757745071999147090,316357707981,USDT,0.043834,1761542070000,Flexible,1,2025-10-27,08:14:30
4756290906597909299,315964048426,USDT,0.043834,1761455399000,Flexible,1,2025-10-26,08:09:59
4754852839465378613,315625478674,USDT,0.043834,1761369636000,Flexible,1,2025-10-25,08:20:36
4753412751409767182,315208965914,USDT,0.043834,1761283852000,Flexible,1,2025-10-24,08:30:52
4751962299320558433,314754408607,USDT,0.043834,1761197346000,Flexible,1,2025-10-23,08:29:06
4750533189687737603,314279774465,USDT,0.043834,1761112185000,Flexible,1,2025-10-22,08:49:45
4749060166416503856,313731434676,USDT,0.043834,1761024308000,Flexible,1,2025-10-21,08:25:08
4749058233933697830,313730886527,USDC,0.00000001,1761024222000,Flexible,1,2025-10-21,08:23:42
4747633884518474063,313266090107,USDT,0.043834,1760939375000,Flexible,1,2025-10-20,08:49:35
4747628008029223479,313264448081,USDC,0.00000001,1760939051000,Flexible,1,2025-10-20,08:44:11
4746151013282909768,312823283555,USDT,0.043834,1760850987000,Flexible,1,2025-10-19,08:16:27
4746148129564058387,312822634326,USDC,0.00000001,1760850843000,Flexible,1,2025-10-19,08:14:03
4744704712817206080,312440367191,USDC,0.00000001,1760764750000,Flexible,1,2025-10-18,08:19:10
4744694025892860751,312437431588,USDT,0.043834,1760764178000,Flexible,1,2025-10-18,08:09:38
4743195804053228837,311844711032,USDT,0.043834,1760674829000,Flexible,1,2025-10-17,07:20:29
4743194275788677921,311844304784,USDC,0.00000001,1760674756000,Flexible,1,2025-10-17,07:19:16
4741799532808551713,311275739920,USDC,0.00000001,1760591648000,Flexible,1,2025-10-16,08:14:08
4741796105802960209,311274559499,USDT,0.043834,1760591441000,Flexible,1,2025-10-16,08:10:41
4740307951004640095,310711826927,USDT,0.043834,1760502580000,Flexible,1,2025-10-15,07:29:40
4740302498117882884,310709710348,USDC,0.00000001,1760502222000,Flexible,1,2025-10-15,07:23:42
4738906221455590686,310119319107,USDT,0.043834,1760419165000,Flexible,1,2025-10-14,08:19:25
4738894149635302184,310113814026,USDC,0.00000001,1760418484000,Flexible,1,2025-10-14,08:08:04
4737360894033874215,309468141117,USDC,0.00000001,1760327061000,Flexible,1,2025-10-13,06:44:21
4735973186381446428,308897184009,USDT,0.08219,1760244359000,Flexible,1,2025-10-12,07:45:59
4735965572253380664,308894447246,USDC,0.00000001,1760243922000,Flexible,1,2025-10-12,07:38:42
4734493654171161617,308299292941,USDT,0.08219,1760156123000,Flexible,1,2025-10-11,07:15:23
4734492558485665623,308298875191,USDC,0.00000001,1760156069000,Flexible,1,2025-10-11,07:14:29
4733059963351897116,307431474868,USDT,0.08219,1760070514000,Flexible,1,2025-10-10,07:28:34
4733055548301600555,307429855629,USDC,0.00000001,1760070225000,Flexible,1,2025-10-10,07:23:45
4731604173220963155,306941525547,USDT,0.08219,1759983865000,Flexible,1,2025-10-09,07:24:25
4731586266151052109,306936752058,USDC,0.00000001,1759982892000,Flexible,1,2025-10-09,07:08:12
4730156775647926112,306458428191,USDC,0.00000001,1759897629000,Flexible,1,2025-10-08,07:27:09
4730154292085923095,306457385570,USDT,0.08219,1759897451000,Flexible,1,2025-10-08,07:24:11
4728695261239752455,305925446506,USDT,0.08219,1759810533000,Flexible,1,2025-10-07,07:15:33
4728686742724066660,305923121646,USDC,0.00000001,1759810070000,Flexible,1,2025-10-07,07:07:50
4727318867882982693,305463973697,USDT,0.08219,1759728491000,Flexible,1,2025-10-06,08:28:11
4727314577130706719,305462164613,USDC,0.00000001,1759728209000,Flexible,1,2025-10-06,08:23:29
4725800309290913065,305005000424,USDT,0.08219,1759637958000,Flexible,1,2025-10-05,07:19:18
4725793466250937608,305003113036,USDC,0.00000001,1759637598000,Flexible,1,2025-10-05,07:13:18
4724356708882735903,304590751021,USDT,0.08219,1759551843000,Flexible,1,2025-10-04,07:24:03
4724354846024557317,304590271286,USDC,0.00000001,1759551757000,Flexible,1,2025-10-04,07:22:37
4722877299786816576,304089850557,USDT,0.08219,1759463672000,Flexible,1,2025-10-03,06:54:32
4722874925773545764,304089037405,USDC,0.00000001,1759463568000,Flexible,1,2025-10-03,06:52:48
4721459521986223154,303562916374,USDC,0.00000001,1759379240000,Flexible,1,2025-10-02,07:27:20
4721441056859258203,303555366195,USDT,0.08219,1759378183000,Flexible,1,2025-10-02,07:09:43
4720051588847093067,303060804459,USDT,0.08219,1759295358000,Flexible,1,2025-10-01,08:09:18
4720050414469699338,303060412786,USDC,0.00000001,1759295296000,Flexible,1,2025-10-01,08:08:16
4718651753907017520,302569989845,USDT,0.08219,1759211898000,Flexible,1,2025-09-30,08:58:18
4718645949021492033,302567634606,USDC,0.00000001,1759211531000,Flexible,1,2025-09-30,08:52:11
4717164521000853836,302055883740,USDT,0.08219,1759123215000,Flexible,1,2025-09-29,08:20:15
4717162469700563013,302055309001,USDC,0.00000001,1759123121000,Flexible,1,2025-09-29,08:18:41
4715722291566515239,301645345360,USDC,0.00000001,1759037248000,Flexible,1,2025-09-28,08:27:28
4715715535533701691,301643083670,USDT,0.08219,1759036843000,Flexible,1,2025-09-28,08:20:43
4714266013331677538,301243216081,USDT,0.08219,1758950448000,Flexible,1,2025-09-27,08:20:48
4714258327500803333,301241071712,USDC,0.00000001,1758950053000,Flexible,1,2025-09-27,08:14:13
4712818924730609670,300783251212,USDT,0.043834,1758864225000,Flexible,1,2025-09-26,08:23:45
4712818204989185086,300783096301,USDC,0.00000001,1758864193000,Flexible,1,2025-09-26,08:23:13
4711353684438917195,300255981535,USDT,0.043834,1758776931000,Flexible,1,2025-09-25,08:08:51
4711352962305707336,300255757123,USDC,0.00000001,1758776894000,Flexible,1,2025-09-25,08:08:14
4709946161599863857,299855879318,USDC,0.00000001,1758692997000,Flexible,1,2025-09-24,08:49:57
4709942231804309509,299854448212,USDT,0.043834,1758692775000,Flexible,1,2025-09-24,08:46:15
4708460909936024604,299364966591,USDC,0.00000001,1758604490000,Flexible,1,2025-09-23,08:14:50
4708456148238793235,299363347611,USDT,0.043834,1758604217000,Flexible,1,2025-09-23,08:10:17
4707016655009959262,298830867791,USDC,0.00000001,1758518353000,Flexible,1,2025-09-22,08:19:13
4707006782347328835,298827603064,USDT,0.043834,1758517815000,Flexible,1,2025-09-22,08:10:15
4705578702047974463,298344064571,USDT,0.043834,1758432622000,Flexible,1,2025-09-21,08:30:22
4705562032842420756,298340230840,USDC,0.00000001,1758431694000,Flexible,1,2025-09-21,08:14:54
4704123639888143133,297955998805,USDC,0.00000001,1758345897000,Flexible,1,2025-09-20,08:24:57
4704107696420188174,297951951018,USDT,0.043834,1758345029000,Flexible,1,2025-09-20,08:10:29
4702648941150498821,297580557016,USDT,0.043834,1758257983000,Flexible,1,2025-09-19,07:59:43
4702638411528475426,297577671323,USDC,0.00000001,1758257400000,Flexible,1,2025-09-19,07:50:00
4701233319738914608,297205401154,USDC,0.00000001,1758173406000,Flexible,1,2025-09-18,08:30:06
4701210877782054755,297200543292,USDT,0.043834,1758172309000,Flexible,1,2025-09-18,08:11:49
4699770083217531742,296794948311,USDT,0.043834,1758086388000,Flexible,1,2025-09-17,08:19:48
4699769793031423249,296794884178,USDC,0.00000001,1758086374000,Flexible,1,2025-09-17,08:19:34
4698261487112885053,296398522110,USDT,0.043834,1757996485000,Flexible,1,2025-09-16,07:21:25
4698253589498283297,296396310316,USDC,0.00000001,1757996091000,Flexible,1,2025-09-16,07:14:51
4696850651941600536,296016134675,USDT,0.043834,1757912408000,Flexible,1,2025-09-15,08:00:08
4696833409393937745,296012283068,USDC,0.00000001,1757911436000,Flexible,1,2025-09-15,07:43:56
4695373757668957205,295667854654,USDT,0.043834,1757824281000,Flexible,1,2025-09-14,07:31:21
4695367888104788784,295666138176,USDC,0.00000001,1757823913000,Flexible,1,2025-09-14,07:25:13
4693981159631524922,295296484984,USDC,0.00000001,1757741366000,Flexible,1,2025-09-13,08:29:26
4693960081121948247,295290088376,USDT,0.043834,1757740192000,Flexible,1,2025-09-13,08:09:52
4692473375851242270,294874267508,USDT,0.043834,1757651458000,Flexible,1,2025-09-12,07:30:58
4692462436619870997,294871256355,USDC,0.00000001,1757650823000,Flexible,1,2025-09-12,07:20:23
4691007966021001314,294500667395,USDT,0.043834,1757564201000,Flexible,1,2025-09-11,07:16:41
4691005584414529329,294500218604,USDC,0.00000001,1757564087000,Flexible,1,2025-09-11,07:14:47
4689572696590894619,294153744219,USDT,0.043834,1757478604000,Flexible,1,2025-09-10,07:30:04
4689567349299525417,294152247594,USDC,0.00000004,1757478270000,Flexible,1,2025-09-10,07:24:30
4688123274392633158,293793796841,USDC,0.00000004,1757392262000,Flexible,1,2025-09-09,07:31:02
4688119241233974339,293792690180,USDT,0.043834,1757391985000,Flexible,1,2025-09-09,07:26:25
4686665491646370852,293443790207,USDT,0.043834,1757305324000,Flexible,1,2025-09-08,07:22:04
4686663116202357042,293443303666,USDC,0.00000004,1757305215000,Flexible,1,2025-09-08,07:20:15
4685223514674163528,293203424807,USDC,0.00000004,1757219410000,Flexible,1,2025-09-07,07:30:10
4685202603867838775,293200168751,USDT,0.043834,1757218201000,Flexible,1,2025-09-07,07:10:01
4683774175163134789,292988353034,USDT,0.043834,1757133017000,Flexible,1,2025-09-06,07:30:17
4683751818237525506,292984939127,USDC,0.00000004,1757131729000,Flexible,1,2025-09-06,07:08:49
4682315170154059058,292704049424,USDT,0.043834,1757046066000,Flexible,1,2025-09-05,07:21:06
4682314657831338814,292703995892,USDC,0.00000004,1757046043000,Flexible,1,2025-09-05,07:20:43
4680836523425506340,292443019172,USDT,0.043834,1756957926000,Flexible,1,2025-09-04,06:52:06
4680834936590185553,292442847243,USDC,0.00000004,1756957851000,Flexible,1,2025-09-04,06:50:51
4679395923584980824,292174405056,USDT,0.043834,1756872033000,Flexible,1,2025-09-03,07:00:33
4679385347423445813,292172473605,USDC,0.00000004,1756871409000,Flexible,1,2025-09-03,06:50:09
4677929421138715940,291854425740,USDC,0.00000004,1756784662000,Flexible,1,2025-09-02,06:44:22
4677923957350510890,291853401821,USDT,0.043834,1756784346000,Flexible,1,2025-09-02,06:39:06
4676547399402144565,291545149640,USDT,0.043834,1756702261000,Flexible,1,2025-09-01,07:51:01
4676533940680893201,291542104056,USDC,0.00000004,1756701523000,Flexible,1,2025-09-01,07:38:43
4675093758509689158,291284629130,USDT,0.043834,1756615629000,Flexible,1,2025-08-31,07:47:09
4675090896128840196,291284177494,USDC,0.00000004,1756615489000,Flexible,1,2025-08-31,07:44:49
4673673891742720771,291061432731,USDT,0.043834,1756530998000,Flexible,1,2025-08-30,08:16:38
4673670948454544393,291060968322,USDC,0.00000004,1756530859000,Flexible,1,2025-08-30,08:14:19
4672235519413692713,290744449066,USDT,0.043834,1756445205000,Flexible,1,2025-08-29,08:26:45
4672222319547674962,290742049091,USDC,0.00000004,1756444510000,Flexible,1,2025-08-29,08:15:10
4670783312904094260,290463348958,USDC,0.00000004,1756358680000,Flexible,1,2025-08-28,08:24:40
4670778564328190222,290462250805,USDT,0.043834,1756358426000,Flexible,1,2025-08-28,08:20:26
4669307092779958597,290148808099,USDC,0.00000004,1756270689000,Flexible,1,2025-08-27,07:58:09
4669305389545789233,290148353489,USDT,0.043834,1756270544000,Flexible,1,2025-08-27,07:55:44
4667876602060386649,289849861456,USDC,0.00000004,1756185486000,Flexible,1,2025-08-26,08:18:06
4667873900967838737,289849297822,USDT,0.043834,1756185322000,Flexible,1,2025-08-26,08:15:22
4666399498046787849,289464073763,USDT,0.043834,1756097416000,Flexible,1,2025-08-25,07:50:16
4666391940435672837,289462456601,USDC,0.00000004,1756097011000,Flexible,1,2025-08-25,07:43:31
4664956604532077381,289109396135,USDT,0.043834,1756011441000,Flexible,1,2025-08-24,07:57:21
4664942639658570311,289106385607,USDC,0.00000004,1756010622000,Flexible,1,2025-08-24,07:43:42
4663473728803451906,288817827323,USDT,0.043834,1755923002000,Flexible,1,2025-08-23,07:23:22
4663463153483465749,288815896719,USDC,0.00000004,1755922433000,Flexible,1,2025-08-23,07:13:53
4662055307606477109,288405552960,USDT,0.043834,1755838454000,Flexible,1,2025-08-22,07:54:14
4662048694118466653,288404412531,USDC,0.00000004,1755838109000,Flexible,1,2025-08-22,07:48:29
4660576032033511255,288104905149,USDC,0.00000004,1755750294000,Flexible,1,2025-08-21,07:24:54
4660562270439592237,288102457351,USDT,0.043834,1755749522000,Flexible,1,2025-08-21,07:12:02
4659120502916144724,287786031206,USDC,0.00000004,1755663564000,Flexible,1,2025-08-20,07:19:24
4659117664563519056,287785454605,USDT,0.043834,1755663393000,Flexible,1,2025-08-20,07:16:33
4657694938941580884,287463466648,USDC,0.00000004,1755578624000,Flexible,1,2025-08-19,07:43:44
4657690716397454354,287462435454,USDT,0.043834,1755578385000,Flexible,1,2025-08-19,07:39:45
4656161514887157516,287126431907,USDC,0.00000004,1755487187000,Flexible,1,2025-08-18,06:19:47
4656158684029391420,287125452953,USDT,0.043834,1755487008000,Flexible,1,2025-08-18,06:16:48
4654779077111498533,286865013533,USDT,0.043834,1755404735000,Flexible,1,2025-08-17,07:25:35
4654760588645381145,286862009472,USDC,0.00000004,1755403729000,Flexible,1,2025-08-17,07:08:49
4653272909792661793,286627680372,USDT,0.043834,1755314992000,Flexible,1,2025-08-16,06:29:52
4653250584641278529,286624300161,USDC,0.00000004,1755313726000,Flexible,1,2025-08-16,06:08:46
4651907142380525375,286315834047,USDC,0.00000004,1755233598000,Flexible,1,2025-08-15,07:53:18
4651897452745064209,286313698049,USDT,0.043834,1755233060000,Flexible,1,2025-08-15,07:44:20
4650398289673230098,285869137502,USDC,0.00000004,1755143648000,Flexible,1,2025-08-14,06:54:08
4650383801779384599,285865786011,USDT,0.043834,1755142829000,Flexible,1,2025-08-14,06:40:29
4648943061215163225,285440035392,USDC,0.00000004,1755056922000,Flexible,1,2025-08-13,06:48:42
4648933789046411832,285437296086,USDT,0.043834,1755056393000,Flexible,1,2025-08-13,06:39:53
4647504317382760271,285016059040,USDT,0.043834,1754971177000,Flexible,1,2025-08-12,06:59:37
4647488494368018989,285013248062,USDC,0.00000004,1754970261000,Flexible,1,2025-08-12,06:44:21
4646035113448818979,284632831259,USDT,0.043834,1754883625000,Flexible,1,2025-08-11,06:40:25
4646032476274295300,284632238486,USDC,0.00000004,1754883486000,Flexible,1,2025-08-11,06:38:06
4644601341057865555,284288268187,USDT,0.043834,1754798100000,Flexible,1,2025-08-10,06:55:00
4644594013905564419,284286612018,USDC,0.00000004,1754797727000,Flexible,1,2025-08-10,06:48:47
4643140767561565004,283929150429,USDT,0.043834,1754711095000,Flexible,1,2025-08-09,06:44:55
4643134118885081922,283928022089,USDC,0.00000004,1754710721000,Flexible,1,2025-08-09,06:38:41
4641700226549310738,283622880419,USDC,0.00000004,1754625210000,Flexible,1,2025-08-08,06:53:30
4641695291114291750,283622069276,USDT,0.043834,1754624945000,Flexible,1,2025-08-08,06:49:05
4640217481192824352,283277894395,USDT,0.043834,1754536785000,Flexible,1,2025-08-07,06:19:45
4640211553652295991,283277019331,USDC,0.00000004,1754536471000,Flexible,1,2025-08-07,06:14:31
4638800009037309484,283021667522,USDC,0.00000004,1754452329000,Flexible,1,2025-08-06,06:52:09
4638790468487103240,283020371398,USDT,0.043834,1754451819000,Flexible,1,2025-08-06,06:43:39
4637320696699846959,282721060203,USDT,0.043834,1754364130000,Flexible,1,2025-08-05,06:22:10
4637315005310290204,282720000651,USDC,0.00000004,1754363841000,Flexible,1,2025-08-05,06:17:21
4635903774024378679,282460060392,USDT,0.043834,1754279698000,Flexible,1,2025-08-04,06:54:58
4635902438431153704,282459927667,USDC,0.00000004,1754279637000,Flexible,1,2025-08-04,06:53:57
4634452251167057252,282247271477,USDC,0.00000004,1754193195000,Flexible,1,2025-08-03,06:53:15
4634437904103479064,282245292914,USDT,0.043834,1754192398000,Flexible,1,2025-08-03,06:39:58
4632976161152066820,281946669175,USDT,0.043834,1754105111000,Flexible,1,2025-08-02,06:25:11
4632956289726453545,281944229058,USDC,0.00000004,1754104095000,Flexible,1,2025-08-02,06:08:15
4631610505422804783,281593451136,USDT,0.043834,1754023819000,Flexible,1,2025-08-01,07:50:19
4631608586238820188,281593185631,USDC,0.00000004,1754023732000,Flexible,1,2025-08-01,07:48:52
4630160921228948234,281250695578,USDT,0.043834,1753937428000,Flexible,1,2025-07-31,07:50:28
4630148555370385745,281248060683,USDC,0.00000004,1753936741000,Flexible,1,2025-07-31,07:39:01
4628715272593506619,280897525711,USDC,0.00000004,1753851246000,Flexible,1,2025-07-30,07:54:06
4628700833490350933,280894880481,USDT,0.043834,1753850440000,Flexible,1,2025-07-30,07:40:40
4627261173347942707,280549719614,USDT,0.043834,1753764592000,Flexible,1,2025-07-29,07:49:52
4627255315164566018,280548622492,USDC,0.00000004,1753764274000,Flexible,1,2025-07-29,07:44:34
4625819272333863188,280181407256,USDT,0.043834,1753678589000,Flexible,1,2025-07-28,07:56:29
4625817474545114704,280181089505,USDC,0.00000004,1753678507000,Flexible,1,2025-07-28,07:55:07
4624359147124207944,279857221801,USDT,0.043834,1753591617000,Flexible,1,2025-07-27,07:46:57
4624350455354860383,279855765525,USDC,0.00000004,1753591143000,Flexible,1,2025-07-27,07:39:03
4622913193488049491,279606606048,USDT,0.043834,1753505426000,Flexible,1,2025-07-26,07:50:26
4622906890306322244,279605458344,USDC,0.00000004,1753505088000,Flexible,1,2025-07-26,07:44:48
4621459321502490127,279245018065,USDT,0.043834,1753418776000,Flexible,1,2025-07-25,07:46:16
4621456935647876871,279244424347,USDC,0.00000004,1753418661000,Flexible,1,2025-07-25,07:44:21
4620008510819808269,278751196994,USDC,0.00000004,1753332327000,Flexible,1,2025-07-24,07:45:27
4620004040939312913,278749269554,USDT,0.043834,1753332070000,Flexible,1,2025-07-24,07:41:10
4618494491236631055,278254259461,USDT,0.043834,1753242073000,Flexible,1,2025-07-23,06:41:13
4618491815579108149,278253653829,USDC,0.00000004,1753241934000,Flexible,1,2025-07-23,06:38:54
4617150736244015643,277869831154,USDC,0.00000004,1753161885000,Flexible,1,2025-07-22,08:24:45
4617145917886116642,277868469893,USDT,0.043834,1753161620000,Flexible,1,2025-07-22,08:20:20
4615581949155856687,277398338376,USDC,0.00000004,1753068348000,Flexible,1,2025-07-21,06:25:48
4615571282569911824,277396099553,USDT,0.043834,1753067803000,Flexible,1,2025-07-21,06:16:43
4614206495496372486,277051844223,USDT,0.043834,1752986497000,Flexible,1,2025-07-20,07:41:37
4614204090512492385,277051407921,USDC,0.00000004,1752986366000,Flexible,1,2025-07-20,07:39:26
4612675894272313660,276756243178,USDC,0.00000004,1752895210000,Flexible,1,2025-07-19,06:20:10
4612663943223238217,276753876902,USDT,0.043834,1752894557000,Flexible,1,2025-07-19,06:09:17
4611323608057529102,276361240595,USDT,0.027396,1752814550000,Flexible,1,2025-07-18,07:55:50
4611322713353930498,276361042770,USDC,0.00000004,1752814512000,Flexible,1,2025-07-18,07:55:12
4609795987519820076,275905267200,USDT,0.027396,1752723593000,Flexible,1,2025-07-17,06:39:53
4609794541195973134,275904821957,USDC,0.00000004,1752723521000,Flexible,1,2025-07-17,06:38:41
4608382843764975919,275542363334,USDT,0.027396,1752639353000,Flexible,1,2025-07-16,07:15:53
4608374940998997829,275540817689,USDC,0.00000004,1752638918000,Flexible,1,2025-07-16,07:08:38
4606911041688934187,275210950016,USDT,0.027396,1752551552000,Flexible,1,2025-07-15,06:52:32
4606902471095571019,275209329807,USDC,0.00000004,1752551121000,Flexible,1,2025-07-15,06:45:21
4605488313271268160,274867301883,USDT,0.027396,1752466798000,Flexible,1,2025-07-14,07:19:58
4605482568316315179,274865933758,USDC,0.00000004,1752466492000,Flexible,1,2025-07-14,07:14:52
4603993107357008199,274566297631,USDC,0.00000004,1752377433000,Flexible,1,2025-07-13,06:30:33
4603989639534894625,274565669184,USDT,0.027396,1752377191000,Flexible,1,2025-07-13,06:26:31
4602560748382667832,274295125606,USDT,0.027396,1752292274000,Flexible,1,2025-07-12,06:51:14
4602558600908561997,274294849053,USDC,0.00000004,1752292177000,Flexible,1,2025-07-12,06:49:37
4601084560604111688,273921651228,USDT,0.027396,1752204093000,Flexible,1,2025-07-11,06:21:33
4601084244711806798,273921584719,USDC,0.00000004,1752204079000,Flexible,1,2025-07-11,06:21:19
4599659174943293756,273624214774,USDC,0.00000004,1752119340000,Flexible,1,2025-07-10,06:49:00
4599648274289223257,273622573301,USDT,0.027396,1752118746000,Flexible,1,2025-07-10,06:39:06
4598216629266900501,273404242267,USDT,0.027396,1752033295000,Flexible,1,2025-07-09,06:54:55
4598204606334619976,273403185201,USDC,0.00000004,1752032676000,Flexible,1,2025-07-09,06:44:36
4596761874450716461,273230899807,USDT,0.027396,1751946634000,Flexible,1,2025-07-08,06:50:34
4596760523577262427,273230800582,USDC,0.00000004,1751946572000,Flexible,1,2025-07-08,06:49:32
4595285936130621240,273045800630,USDT,0.027396,1751858496000,Flexible,1,2025-07-07,06:21:36
4595269553310794253,273044543491,USDC,0.00000004,1751857780000,Flexible,1,2025-07-07,06:09:40
4593835548409414751,272873912491,USDC,0.00000004,1751772056000,Flexible,1,2025-07-06,06:20:56
4593824580800255832,272873106842,USDT,0.027396,1751771534000,Flexible,1,2025-07-06,06:12:14
4592380621541057286,272746315411,USDC,0.00000004,1751685373000,Flexible,1,2025-07-05,06:16:13
4592374960387941704,272745926712,USDT,0.027396,1751685138000,Flexible,1,2025-07-05,06:12:18
4590941408651294546,272586650828,USDT,0.027396,1751599605000,Flexible,1,2025-07-04,06:26:45
4590928695092037906,272585441226,USDC,0.00000004,1751598960000,Flexible,1,2025-07-04,06:16:00
4589520108393751904,272391527199,USDC,0.00000004,1751515002000,Flexible,1,2025-07-03,06:56:42
4589502805951910405,272389692157,USDT,0.027396,1751514056000,Flexible,1,2025-07-03,06:40:56
4588028618541712422,272188628914,USDC,0.00000004,1751426123000,Flexible,1,2025-07-02,06:15:23
4588024765356127059,272188141135,USDT,0.027396,1751425895000,Flexible,1,2025-07-02,06:11:35
4586682279945790986,272037867033,USDT,0.027396,1751345812000,Flexible,1,2025-07-01,07:56:52
4586668350039671610,272036410845,USDC,0.00000004,1751345094000,Flexible,1,2025-07-01,07:44:54
4585231529476391203,271864471476,USDT,0.027396,1751259369000,Flexible,1,2025-06-30,07:56:09
4585213253885949726,271862427142,USDC,0.00000004,1751258377000,Flexible,1,2025-06-30,07:39:37
4583775621239260241,271703043859,USDT,0.027396,1751172635000,Flexible,1,2025-06-29,07:50:35
4583763529886189570,271701987902,USDC,0.00000004,1751171963000,Flexible,1,2025-06-29,07:39:23
4582326271002788908,271572995527,USDC,0.00000004,1751086245000,Flexible,1,2025-06-28,07:50:45
4582321806241351203,271572644810,USDT,0.027396,1751086000000,Flexible,1,2025-06-28,07:46:40
4580882134272690261,271410879411,USDC,0.00000004,1751000136000,Flexible,1,2025-06-27,07:55:36
4580872387414837295,271409928139,USDT,0.027396,1750999607000,Flexible,1,2025-06-27,07:46:47
4579432736205873489,271228807727,USDC,0.00000004,1750913740000,Flexible,1,2025-06-26,07:55:40
4579429366115137349,271228443988,USDT,0.027396,1750913554000,Flexible,1,2025-06-26,07:52:34
4577957318888403475,271033033988,USDC,0.00000004,1750825810000,Flexible,1,2025-06-25,07:30:10
4577942222704133678,271031228319,USDT,0.027396,1750824957000,Flexible,1,2025-06-25,07:15:57
4576567040387884577,270833475342,USDT,0.027396,1750742739000,Flexible,1,2025-06-24,08:25:39
4576545675047047986,270830943680,USDC,0.00000004,1750741744000,Flexible,1,2025-06-24,08:09:04
4574995391703598609,270583992290,USDT,0.027396,1750649211000,Flexible,1,2025-06-23,06:26:51
4574993811087429640,270583874325,USDC,0.00000004,1750649139000,Flexible,1,2025-06-23,06:25:39
4573630298139090701,270367001115,USDT,0.027396,1750567889000,Flexible,1,2025-06-22,07:51:29
4573616447980133896,270365438642,USDC,0.00000004,1750567142000,Flexible,1,2025-06-22,07:39:02
4572090887698838591,270171862640,USDT,0.027396,1750476138000,Flexible,1,2025-06-21,06:22:18
4572076687774306079,270170698066,USDC,0.00000004,1750475375000,Flexible,1,2025-06-21,06:09:35
4570737258428692322,269986166935,USDT,0.027396,1750395454000,Flexible,1,2025-06-20,07:57:34
4570724341146777357,269984635936,USDC,0.00000004,1750394759000,Flexible,1,2025-06-20,07:45:59
4569197147493541456,269829983255,USDT,0.027396,1750303590000,Flexible,1,2025-06-19,06:26:30
4569196013935222352,269829886289,USDC,0.00000004,1750303538000,Flexible,1,2025-06-19,06:25:38
4567810845337686785,269638577414,USDC,0.00000004,1750221062000,Flexible,1,2025-06-18,07:31:02
4567789234018764292,269636466507,USDT,0.027396,1750219823000,Flexible,1,2025-06-18,07:10:23
4566289612766056458,269427873786,USDC,0.00000004,1750130358000,Flexible,1,2025-06-17,06:19:18
4566285692975148851,269427317239,USDT,0.027396,1750130141000,Flexible,1,2025-06-17,06:15:41
4564872265589198941,269206834318,USDT,0.027396,1750045895000,Flexible,1,2025-06-16,06:51:35
4563431706531120721,269049840942,USDC,0.00014935,1749960053000,Flexible,1,2025-06-15,07:00:53
4563409886941138715,269048184122,USDT,0.027396,1749958800000,Flexible,1,2025-06-15,06:40:00
4561972577643762485,268909139256,USDC,0.0001493,1749873092000,Flexible,1,2025-06-14,06:51:32
4561961073657746182,268908114946,USDT,0.027396,1749872444000,Flexible,1,2025-06-14,06:40:44
4560492637392127519,268683935722,USDT,0.027396,1749784814000,Flexible,1,2025-06-13,06:20:14
4560479885496721735,268681617545,USDC,0.00014926,1749784150000,Flexible,1,2025-06-13,06:09:10
4559036734949516354,268410521446,USDC,0.00014921,1749698074000,Flexible,1,2025-06-12,06:14:34
4559032021922914654,268409984576,USDT,0.027396,1749697826000,Flexible,1,2025-06-12,06:10:26
4557605297219441181,268167194392,USDT,0.027396,1749612730000,Flexible,1,2025-06-11,06:32:10
4557588587969897499,268164767091,USDC,0.00014917,1749611754000,Flexible,1,2025-06-11,06:15:54
4556152377266888529,267913337098,USDT,0.027396,1749526042000,Flexible,1,2025-06-10,06:27:22
4556138608602649185,267911918638,USDC,0.00014912,1749525327000,Flexible,1,2025-06-10,06:15:27
4554705162848941923,267712735154,USDC,0.00014908,1749439859000,Flexible,1,2025-06-09,06:30:59
4554683167298615110,267710402566,USDT,0.027396,1749438622000,Flexible,1,2025-06-09,06:10:22
4553253276656753487,267570680423,USDT,0.027396,1749353266000,Flexible,1,2025-06-08,06:27:46
4553239740178328131,267569714279,USDC,0.00014904,1749352546000,Flexible,1,2025-06-08,06:15:46
4551803047816160342,267435095451,USDT,0.027396,1749266838000,Flexible,1,2025-06-07,06:27:18
4551801499676112649,267434956283,USDC,0.00014899,1749266767000,Flexible,1,2025-06-07,06:26:07
4550347418213028448,267251616730,USDT,0.027396,1749180066000,Flexible,1,2025-06-06,06:21:06
4550340391182101039,267250959223,USDC,0.00014895,1749179705000,Flexible,1,2025-06-06,06:15:05
4549143876738725465,267032723396,USDT,0.027396,1749108332000,Flexible,1,2025-06-05,10:25:32
4549143025857134668,267032608566,USDC,0.0001489,1749108295000,Flexible,1,2025-06-05,10:24:55
4547454328899150124,266823537021,USDT,0.027396,1749007623000,Flexible,1,2025-06-04,06:27:03
4547434105026864185,266821157715,USDC,0.00014886,1749006567000,Flexible,1,2025-06-04,06:09:27
4545998325771908688,266632352471,USDT,0.027396,1748920888000,Flexible,1,2025-06-03,06:21:28
4545984724977280068,266630226646,USDC,0.00014882,1748920177000,Flexible,1,2025-06-03,06:09:37
4544549081587267841,266425274778,USDC,0.00014877,1748834542000,Flexible,1,2025-06-02,06:22:22
4543175430672575058,266262924763,USDC,0.00014873,1748752726000,Flexible,1,2025-06-01,07:38:46
4541738275423117141,266080598700,USDC,0.00014868,1748667030000,Flexible,1,2025-05-31,07:50:30
4541728473234005773,266079146829,USDT,0.027396,1748666473000,Flexible,1,2025-05-31,07:41:13
4540259761940623149,265782208306,USDT,0.027396,1748578876000,Flexible,1,2025-05-30,07:21:16
4540259130136752937,265782146965,USDC,0.00014864,1748578846000,Flexible,1,2025-05-30,07:20:46
4538819802442544222,265546969099,USDT,0.027396,1748493003000,Flexible,1,2025-05-29,07:30:03
4538797148442146372,265543806660,USDC,0.0001486,1748491750000,Flexible,1,2025-05-29,07:09:10
4537390207774737492,265332788062,USDC,0.00014855,1748407839000,Flexible,1,2025-05-28,07:50:39
4537386512674400008,265332333595,USDT,0.027396,1748407630000,Flexible,1,2025-05-28,07:47:10
4535920486518048322,265117463412,USDC,0.00014851,1748320242000,Flexible,1,2025-05-27,07:30:42
4535911826038949467,265116455928,USDT,0.027396,1748319718000,Flexible,1,2025-05-27,07:21:58
4534454432361548851,264930398794,USDC,0.00014846,1748232869000,Flexible,1,2025-05-26,07:14:29
4534449617390236510,264929830089,USDT,0.027396,1748232600000,Flexible,1,2025-05-26,07:10:00
4533042119869400584,264755409453,USDC,0.00014841,1748148681000,Flexible,1,2025-05-25,07:51:21
4533031315121604132,264754576782,USDT,0.027396,1748148081000,Flexible,1,2025-05-25,07:41:21
4531511941181836358,264574971702,USDC,0.00014837,1748057433000,Flexible,1,2025-05-24,06:30:33
4531502413618316893,264573619363,USDT,0.027396,1748056874000,Flexible,1,2025-05-24,06:21:14
4530119295501788462,264278377313,USDT,0.027396,1747974394000,Flexible,1,2025-05-23,07:26:34
4530099369011333424,264274257279,USDC,0.00014832,1747973329000,Flexible,1,2025-05-23,07:08:49
4528603517371231511,263965383058,USDT,0.027396,1747883974000,Flexible,1,2025-05-22,06:19:34
4528595563575576364,263964433856,USDC,0.00014828,1747883614000,Flexible,1,2025-05-22,06:13:34
4527218528176391265,263674990301,USDC,0.00014824,1747801392000,Flexible,1,2025-05-21,07:23:12
4527208821080106593,263673863669,USDT,0.027396,1747800921000,Flexible,1,2025-05-21,07:15:21
4525729791474066743,263462255119,USDT,0.027396,1747712755000,Flexible,1,2025-05-20,06:45:55
4525721622636061986,263461364590,USDC,0.00014819,1747712368000,Flexible,1,2025-05-20,06:39:28
4524321306209224468,263224857603,USDT,0.027396,1747628669000,Flexible,1,2025-05-19,07:24:29
4524319352432987486,263224674963,USDC,0.00014815,1747628591000,Flexible,1,2025-05-19,07:23:11
4522845346441971526,262944823910,USDT,0.027396,1747540661000,Flexible,1,2025-05-18,06:57:41
4522830955558659371,262943887661,USDC,0.00014811,1747539999000,Flexible,1,2025-05-18,06:46:39
4521389617716734791,262764563750,USDT,0.027396,1747453915000,Flexible,1,2025-05-17,06:51:55
4521373231060038229,262762963384,USDC,0.00014806,1747453160000,Flexible,1,2025-05-17,06:39:20
4519912672785838175,262528289283,USDT,0.027396,1747365722000,Flexible,1,2025-05-16,06:22:02
4519911765479206167,262528163219,USDC,0.00014802,1747365684000,Flexible,1,2025-05-16,06:21:24
4518480769101279549,262212875890,USDC,0.00014798,1747280747000,Flexible,1,2025-05-15,06:45:47
4518475193269019933,262212267645,USDT,0.027396,1747280448000,Flexible,1,2025-05-15,06:40:48
4517018036699850048,261937173515,USDC,0.00014793,1747193460000,Flexible,1,2025-05-14,06:31:00
4517015295600309066,261936453997,USDT,0.027396,1747193252000,Flexible,1,2025-05-14,06:27:32
4515568657045923855,261605567205,USDC,0.00014789,1747107068000,Flexible,1,2025-05-13,06:31:08
4515546627656626257,261600364130,USDT,0.027396,1747105856000,Flexible,1,2025-05-13,06:10:56
4514118761891966264,261154797235,USDC,0.00014785,1747020669000,Flexible,1,2025-05-12,06:31:09
4514104120247790906,261151064794,USDT,0.027396,1747019838000,Flexible,1,2025-05-12,06:17:18
4512666171969186590,260854280914,USDT,0.027396,1746934026000,Flexible,1,2025-05-11,06:27:06
4512652861320819243,260852019761,USDC,0.0001478,1746933353000,Flexible,1,2025-05-11,06:15:53
4511205037674259791,260501996285,USDT,0.027396,1746847028000,Flexible,1,2025-05-10,06:17:08
4511203258261517146,260501736764,USDC,0.00014776,1746846945000,Flexible,1,2025-05-10,06:15:45
4509761485978676532,260094703377,USDT,0.027396,1746760965000,Flexible,1,2025-05-09,06:22:45
4509754772720790287,260093394606,USDC,0.00014772,1746760609000,Flexible,1,2025-05-09,06:16:49
4508317418820380241,259793258558,USDT,0.027396,1746674800000,Flexible,1,2025-05-08,06:26:40
4508304263916890958,259791108779,USDC,0.00014767,1746674134000,Flexible,1,2025-05-08,06:15:34
4506870330195014158,259616900391,USDT,0.027396,1746588551000,Flexible,1,2025-05-07,06:29:11
4506861835122848553,259615928073,USDC,0.00014763,1746588135000,Flexible,1,2025-05-07,06:22:15
4505421127085927687,259428264563,USDT,0.027396,1746502160000,Flexible,1,2025-05-06,06:29:20
4505398589444156438,259426374598,USDC,0.00014758,1746501020000,Flexible,1,2025-05-06,06:10:20
4503969231011131225,259274454139,USDC,0.00014754,1746415649000,Flexible,1,2025-05-05,06:27:29
4503964220318709533,259274017775,USDT,0.027396,1746415391000,Flexible,1,2025-05-05,06:23:11
4502520304506775567,259138777050,USDC,0.0001475,1746329282000,Flexible,1,2025-05-04,06:28:02
4502513795806882889,259138301555,USDT,0.027396,1746328956000,Flexible,1,2025-05-04,06:22:36
4501074405655785744,259009341931,USDT,0.027396,1746243140000,Flexible,1,2025-05-03,06:32:20
4501056224597356631,259008002819,USDC,0.00014746,1746242126000,Flexible,1,2025-05-03,06:15:26
4499607858311049248,258847968828,USDC,0.00014741,1746155770000,Flexible,1,2025-05-02,06:16:10
4499601356015433542,258847340755,USDT,0.027396,1746155444000,Flexible,1,2025-05-02,06:10:44
4498260125093807114,258667447705,USDC,0.00014737,1746075421000,Flexible,1,2025-05-01,07:57:01
4498256004590169154,258667077794,USDT,0.027396,1746075196000,Flexible,1,2025-05-01,07:53:16
4496798306871624708,258438924411,USDC,0.00014733,1745988381000,Flexible,1,2025-04-30,07:46:21
4496792361756960277,258438410490,USDT,0.027396,1745988055000,Flexible,1,2025-04-30,07:40:55
4495360701531657543,258241442177,USDC,0.00014729,1745902624000,Flexible,1,2025-04-29,07:57:04
4495355159400008502,258240648168,USDT,0.027396,1745902336000,Flexible,1,2025-04-29,07:52:16
4493877009902771495,257998124080,USDT,0.027396,1745814214000,Flexible,1,2025-04-28,07:23:34
4493875890814916137,257998003424,USDC,0.00014724,1745814163000,Flexible,1,2025-04-28,07:22:43
4492462961072064346,257810976423,USDT,0.027396,1745729956000,Flexible,1,2025-04-27,07:59:16
