symbol,buy_time,sell_time,quantity,buy_price,sell_price,fee,realized_pnl
BNBUSDT,2024-09-09 10:39:07.531,2024-09-09 16:11:29.038,0.038,506.8,508.7,5.7e-05,0.072143
BNBUSDT,2024-09-09 10:39:07.531,2024-09-10 08:04:30.368,0.0010000000000000009,506.8,521.0,6.5e-05,0.014135
BNBUSDT,2024-09-10 06:00:31.723,2024-09-10 08:04:30.368,0.038,519.4,521.0,6.4e-05,0.060736
BNBUSDT,2024-09-10 18:07:13.781,2024-09-10 18:15:59.657,0.048,518.6,520.7,7.2e-05,0.100728
BNBUSDT,2024-09-11 00:26:51.503,2024-09-11 13:17:29.432,0.049,515.5,520.0,0.025517,0.194983
BNBUSDT,2024-09-11 20:20:26.793,2024-09-12 01:53:31.381,0.047,532.6,540.4,7.1e-05,0.366529
BNBUSDT,2024-09-11 20:20:26.793,2024-09-12 13:34:38.745,0.0010000000000000009,532.6,547.1,0.529629,-0.515129
BNBUSDT,2024-09-12 10:20:12.908,2024-09-12 13:34:38.745,0.046,545.5,547.1,0.529627,-0.456027
BNBUSDT,2024-09-12 13:16:03.778,2024-09-12 13:34:38.745,0.9209999999999999,542.4,547.1,0.530284,3.798416
BNBUSDT,2024-09-12 13:16:03.778,2024-09-12 22:46:50.514,0.001000000000000112,542.4,543.0,0.532288,-0.531688
BNBUSDT,2024-09-12 22:15:40.305,2024-09-12 22:46:50.514,0.9779999999999999,539.9,543.0,0.532331,2.49947
BNBUSDT,2024-09-12 22:15:40.305,2024-09-12 23:30:30.173,0.002000000000000113,539.9,544.7,0.001471,0.008129
BNBUSDT,2024-09-12 23:21:34.570,2024-09-12 23:30:30.173,0.9779999999999999,541.5,544.7,0.001469,3.128131
BNBUSDT,2024-09-12 23:21:34.570,2024-09-13 01:56:35.620,0.0030000000000001137,541.5,545.9,0.535718,-0.522518
BNBUSDT,2024-09-12 23:43:12.727,2024-09-13 01:56:35.620,0.754,544.1,545.9,0.535547,0.821652
BNBUSDT,2024-09-12 23:43:13.505,2024-09-13 01:56:35.620,0.044,544.1,545.9,0.535015,-0.455815
BNBUSDT,2024-09-12 23:43:20.899,2024-09-13 01:56:35.620,0.106,544.1,545.9,0.535061,-0.344262
BNBUSDT,2024-09-12 23:43:26.907,2024-09-13 01:56:35.620,0.018,544.1,545.9,0.534995,-0.502596
BNBUSDT,2024-09-12 23:43:47.911,2024-09-13 01:56:35.620,0.05499999999999988,544.1,545.9,0.535023,-0.436023
BNBUSDT,2024-09-12 23:43:47.911,2024-09-13 10:42:19.111,0.004000000000000115,544.1,543.6,6.5e-05,-0.002065
BNBUSDT,2024-09-13 09:21:16.328,2024-09-13 10:42:19.111,0.023999999999999886,541.6,543.6,3.9e-05,0.047961
BNBUSDT,2024-09-13 09:21:16.328,2024-09-13 10:42:20.129,0.215,541.6,543.6,0.000327,0.429673
BNBUSDT,2024-09-13 09:21:16.328,2024-09-13 10:42:21.795,0.329,541.6,543.6,0.179177,0.478823
BNBUSDT,2024-09-13 09:21:16.328,2024-09-13 10:42:24.704,0.047,541.6,543.6,0.000127,0.093873
BNBUSDT,2024-09-13 09:21:16.328,2024-09-13 10:42:25.219,0.018,541.6,543.6,5.4e-05,0.035946
BNBUSDT,2024-09-13 09:21:16.328,2024-09-13 10:42:29.085,0.284,541.6,543.6,0.155062,0.412938
BNBUSDT,2024-09-13 09:21:16.328,2024-09-13 13:42:03.755,0.005000000000000171,541.6,549.7,0.537748,-0.497248
BNBUSDT,2024-09-13 13:27:51.941,2024-09-13 13:42:03.755,0.9719999999999998,548.7,549.7,0.537786,0.434214
BNBUSDT,2024-09-13 13:27:51.941,2024-09-13 13:44:18.611,0.006000000000000227,548.7,550.7,0.001464,0.010536
BNBUSDT,2024-09-13 13:43:24.848,2024-09-13 13:44:18.611,0.9679999999999997,549.8,550.7,0.001457,0.869743
BNBUSDT,2024-09-13 13:43:24.848,2024-09-13 14:05:05.036,0.007000000000000228,549.8,553.4,0.538636,-0.513436
BNBUSDT,2024-09-13 13:45:10.374,2024-09-13 14:05:05.036,0.9649999999999997,551.3,553.4,0.538629,1.487871
BNBUSDT,2024-09-13 13:45:10.374,2024-09-13 17:40:47.949,0.00800000000000023,551.3,555.0,0.668395,-0.638795
BNBUSDT,2024-09-13 15:18:25.030,2024-09-13 17:40:47.949,0.98,548.5,555.0,0.6684,5.7016
BNBUSDT,2024-09-13 18:47:40.762,2024-09-13 21:15:29.974,2.79,554.5,556.4,1.554449,3.746551
BNBUSDT,2024-09-13 18:47:40.762,2024-09-14 01:11:21.107,0.0019999999999997797,554.5,558.5,0.002372,0.005628
BNBUSDT,2024-09-13 23:02:19.494,2024-09-14 01:11:21.107,0.3690000000000002,557.8,558.5,0.000555,0.257745
BNBUSDT,2024-09-13 23:02:19.494,2024-09-14 01:11:21.216,1.79,557.8,558.5,1.001263,0.251737
BNBUSDT,2024-09-13 23:02:19.494,2024-09-14 01:11:21.216,0.615,557.8,558.5,0.002529,0.427971
BNBUSDT,2024-09-13 23:02:19.494,2024-09-14 06:04:10.503,0.004999999999999671,557.8,552.9,1.538593,-1.563093
BNBUSDT,2024-09-14 02:30:21.107,2024-09-14 06:04:10.503,2.774,557.3,552.9,1.53859,-13.74419
BNBUSDT,2024-09-14 02:30:21.107,2024-09-15 14:29:51.707,0.007000000000000117,557.3,557.7,0.002133,0.000667
BNBUSDT,2024-09-15 14:27:42.432,2024-09-15 14:29:51.707,0.05599999999999988,556.9,557.7,8.9e-05,0.044711
BNBUSDT,2024-09-15 14:27:42.432,2024-09-15 15:41:46.134,0.008000000000000118,556.9,560.6,9.5e-05,0.029505
BNBUSDT,2024-09-15 14:55:24.440,2024-09-15 15:41:46.134,0.05499999999999988,560.1,560.6,8.9e-05,0.027411
BNBUSDT,2024-09-15 14:55:24.440,2024-09-15 21:14:20.019,0.008000000000000118,560.1,556.9,0.907237,-0.932837
BNBUSDT,2024-09-15 15:45:10.633,2024-09-15 21:14:20.019,0.063,560.7,556.9,0.907237,-1.146637
BNBUSDT,2024-09-15 21:12:38.600,2024-09-15 21:14:20.019,1.558,556.1,556.9,0.908359,0.338041
BNBUSDT,2024-09-15 21:12:38.600,2024-09-15 21:29:30.704,0.07099999999999995,556.1,558.8,0.0014,0.1903
BNBUSDT,2024-09-15 21:19:21.140,2024-09-15 21:29:30.704,0.16700000000000004,557.9,558.8,0.000304,0.149996
BNBUSDT,2024-09-15 21:19:21.140,2024-09-15 21:29:34.805,0.241,557.9,558.8,0.000406,0.216494
BNBUSDT,2024-09-15 21:19:21.140,2024-09-15 21:29:34.971,0.144,557.9,558.8,0.000316,0.129284
BNBUSDT,2024-09-15 21:19:21.140,2024-09-15 21:29:36.621,0.017,557.9,558.8,4.9e-05,0.015251
BNBUSDT,2024-09-15 21:19:21.140,2024-09-15 21:29:36.629,0.017,557.9,558.8,5.1e-05,0.015249
BNBUSDT,2024-09-15 21:19:21.140,2024-09-15 21:29:36.631,0.017,557.9,558.8,5.4e-05,0.015246
BNBUSDT,2024-09-15 21:19:21.140,2024-09-15 21:29:36.632,0.017,557.9,558.8,5.7e-05,0.015243
BNBUSDT,2024-09-15 21:19:21.140,2024-09-15 21:29:36.675,0.017,557.9,558.8,6e-05,0.01524
BNBUSDT,2024-09-15 21:19:21.140,2024-09-15 21:29:36.708,0.017,557.9,558.8,6.4e-05,0.015236
BNBUSDT,2024-09-15 21:19:21.140,2024-09-15 21:29:36.733,0.052,557.9,558.8,0.000209,0.046591
BNBUSDT,2024-09-15 21:19:21.140,2024-09-15 21:29:37.168,0.04,557.9,558.8,0.000208,0.035792
BNBUSDT,2024-09-15 21:19:21.140,2024-09-15 21:30:28.413,0.013,557.9,558.8,9e-05,0.01161
BNBUSDT,2024-09-15 21:19:21.140,2024-09-15 21:30:29.404,0.019,557.9,558.8,0.000149,0.016951
BNBUSDT,2024-09-15 21:19:21.140,2024-09-15 21:30:30.560,0.07099999999999984,557.9,558.8,0.433707,-0.369807
BNBUSDT,2024-09-15 21:19:21.296,2024-09-15 21:30:30.560,0.7040000000000002,557.9,558.8,0.433598,0.200002
BNBUSDT,2024-09-15 21:19:21.296,2024-09-15 21:52:23.973,0.019,557.9,559.2,0.000166,0.024534
BNBUSDT,2024-09-15 21:19:21.296,2024-09-15 21:52:24.145,0.034,557.9,559.2,0.000392,0.043808
BNBUSDT,2024-09-15 21:19:21.296,2024-09-15 21:52:25.930,0.019999999999999837,557.9,559.2,0.000599,0.025402
BNBUSDT,2024-09-15 21:36:51.954,2024-09-15 21:52:25.930,0.001000000000000164,558.9,559.2,1.7e-05,0.000284
BNBUSDT,2024-09-15 21:36:51.954,2024-09-15 21:52:28.091,0.028,558.9,559.2,0.015679,-0.007279
BNBUSDT,2024-09-15 21:36:51.954,2024-09-15 21:52:28.765,0.089,558.9,559.2,0.049837,-0.023137
BNBUSDT,2024-09-15 21:36:51.954,2024-09-15 21:52:30.050,0.035,558.9,559.2,0.0196,-0.0091
BNBUSDT,2024-09-15 21:36:51.954,2024-09-15 21:52:32.149,0.026,558.9,559.2,0.014561,-0.006761
BNBUSDT,2024-09-15 21:36:51.954,2024-09-15 21:52:32.254,0.026,558.9,559.2,0.014561,-0.006761
BNBUSDT,2024-09-15 21:36:51.954,2024-09-15 21:52:32.361,0.026,558.9,559.2,0.014562,-0.006762
BNBUSDT,2024-09-15 21:36:51.954,2024-09-15 21:52:32.467,0.026,558.9,559.2,0.014562,-0.006762
BNBUSDT,2024-09-15 21:36:51.954,2024-09-15 21:52:33.957,0.013,558.9,559.2,2.1e-05,0.003879
BNBUSDT,2024-09-15 21:36:51.954,2024-09-15 21:52:34.849,0.012,558.9,559.2,0.006721,-0.003121
BNBUSDT,2024-09-15 21:36:51.954,2024-09-15 21:52:36.506,0.019,558.9,559.2,0.010642,-0.004942
BNBUSDT,2024-09-15 21:36:51.954,2024-09-15 21:52:37.150,0.019,558.9,559.2,0.010642,-0.004942
BNBUSDT,2024-09-15 21:36:51.954,2024-09-15 21:52:41.369,0.043,558.9,559.2,0.024086,-0.011186
BNBUSDT,2024-09-15 21:36:51.954,2024-09-15 21:52:45.154,0.009,558.9,559.2,0.005041,-0.002341
BNBUSDT,2024-09-15 21:36:51.954,2024-09-15 21:52:45.442,0.559,558.9,559.2,0.313137,-0.145437
BNBUSDT,2024-09-15 21:36:51.954,2024-09-15 21:52:46.246,0.618,558.9,559.2,0.346673,-0.161273
BNBUSDT,2024-09-15 21:36:51.954,2024-09-15 22:14:10.121,0.026,558.9,558.7,0.000447,-0.005647
BNBUSDT,2024-09-15 21:36:51.954,2024-09-15 22:14:10.131,0.024,558.9,558.7,0.000627,-0.005427
BNBUSDT,2024-09-15 21:36:51.954,2024-09-15 22:14:10.133,0.023,558.9,558.7,0.001184,-0.005784
BNBUSDT,2024-09-15 21:36:51.954,2024-09-15 22:14:10.258,0.0010000000000002923,558.9,558.7,0.829769,-0.829969
BNBUSDT,2024-09-15 22:01:13.316,2024-09-15 22:14:10.258,0.289,558.6,558.7,0.828769,-0.799869
BNBUSDT,2024-09-15 22:01:13.407,2024-09-15 22:14:10.258,1.1929999999999998,558.6,558.7,0.829447,-0.710147
BNBUSDT,2024-09-15 22:01:13.407,2024-09-15 22:15:05.718,0.063,558.6,558.9,0.000836,0.018064
ETHUSDT,2024-09-15 23:52:48.597,2024-09-16 08:23:30.811,0.0016,2318.81,2323.0,0.003722,0.002982
ETHUSDT,2024-09-15 23:52:48.597,2024-09-16 08:23:31.204,0.1291,2318.81,2323.0,0.300309,0.24062
ETHUSDT,2024-09-15 23:52:48.597,2024-09-16 08:23:31.588,0.04350000000000001,2318.81,2323.0,0.637283,-0.455018
ETHUSDT,2024-09-15 23:52:48.597,2024-09-16 08:23:31.588,0.0066,2318.81,2323.0,0.636755,-0.609101
ETHUSDT,2024-09-15 23:52:48.597,2024-09-16 08:23:31.588,0.218,2318.81,2323.0,0.636952,0.276468
ETHUSDT,2024-09-15 23:52:48.597,2024-09-16 08:23:31.588,0.006000000000000005,2318.81,2323.0,0.636753,-0.611613
ETHUSDT,2024-09-15 23:52:48.597,2024-09-16 15:22:20.555,0.0002999999999999947,2318.81,2293.01,0.005523,-0.013263
ETHUSDT,2024-09-16 14:18:01.570,2024-09-16 15:22:20.555,0.002100000000000005,2286.23,2293.01,0.005505,0.008733
ETHUSDT,2024-09-16 14:18:01.570,2024-09-16 15:22:20.599,0.005,2286.23,2293.01,0.01147,0.02243
ETHUSDT,2024-09-16 14:18:01.570,2024-09-16 15:22:20.599,0.005,2286.23,2293.01,0.01147,0.02243
ETHUSDT,2024-09-16 14:18:01.570,2024-09-16 15:22:20.600,0.0056,2286.23,2293.01,0.012847,0.025121
ETHUSDT,2024-09-16 14:18:01.570,2024-09-16 15:22:20.600,0.0056,2286.23,2293.01,0.012847,0.025121
ETHUSDT,2024-09-16 14:18:01.570,2024-09-16 15:22:20.601,0.0057,2286.23,2293.01,0.013076,0.02557
ETHUSDT,2024-09-16 14:18:01.570,2024-09-16 15:22:20.606,0.0056,2286.23,2293.01,0.012847,0.025121
ETHUSDT,2024-09-16 14:18:01.570,2024-09-16 15:22:20.610,0.0058,2286.23,2293.01,0.013306,0.026018
ETHUSDT,2024-09-16 14:18:01.570,2024-09-16 15:22:20.611,0.0053,2286.23,2293.01,0.012159,0.023775
ETHUSDT,2024-09-16 14:18:01.570,2024-09-16 15:22:20.612,0.0055,2286.23,2293.01,0.012618,0.024672
ETHUSDT,2024-09-16 14:18:01.570,2024-09-16 15:22:20.615,0.0056,2286.23,2293.01,0.012847,0.025121
ETHUSDT,2024-09-16 14:18:01.570,2024-09-16 15:22:20.618,0.0055,2286.23,2293.01,0.012618,0.024672
ETHUSDT,2024-09-16 14:18:01.570,2024-09-16 15:22:20.619,0.0055,2286.23,2293.01,0.012618,0.024672
ETHUSDT,2024-09-16 14:18:01.570,2024-09-16 15:22:20.621,0.0055,2286.23,2293.01,0.012618,0.024672
ETHUSDT,2024-09-16 14:18:01.570,2024-09-16 15:22:20.622,0.0054,2286.23,2293.01,0.012389,0.024223
ETHUSDT,2024-09-16 14:18:01.570,2024-09-16 15:22:20.622,0.0054,2286.23,2293.01,0.012389,0.024223
ETHUSDT,2024-09-16 14:18:01.570,2024-09-16 15:22:20.623,0.0056,2286.23,2293.01,0.012848,0.02512
ETHUSDT,2024-09-16 14:18:01.570,2024-09-16 15:22:20.626,0.0056,2286.23,2293.01,0.012848,0.02512
ETHUSDT,2024-09-16 14:18:01.570,2024-09-16 15:22:20.627,0.0049,2286.23,2293.01,0.011242,0.02198
ETHUSDT,2024-09-16 14:18:01.570,2024-09-16 15:22:20.627,0.0058,2286.23,2293.01,0.013307,0.026017
ETHUSDT,2024-09-16 14:18:01.570,2024-09-16 15:22:20.631,0.0057,2286.23,2293.01,0.013078,0.025568
ETHUSDT,2024-09-16 14:18:01.570,2024-09-16 15:22:20.631,0.0056,2286.23,2293.01,0.012849,0.025119
ETHUSDT,2024-09-16 14:18:01.570,2024-09-16 15:22:20.634,0.0102,2286.23,2293.01,0.023403,0.045753
ETHUSDT,2024-09-16 14:18:01.570,2024-09-16 15:22:20.634,0.0057,2286.23,2293.01,0.013078,0.025568
ETHUSDT,2024-09-16 14:18:01.570,2024-09-16 15:22:20.638,0.0055,2286.23,2293.01,0.01262,0.02467
ETHUSDT,2024-09-16 14:18:01.570,2024-09-16 15:22:20.644,0.0056,2286.23,2293.01,0.012849,0.025119
ETHUSDT,2024-09-16 14:18:01.570,2024-09-16 15:22:20.647,0.0047,2286.23,2293.01,0.010784,0.021082
ETHUSDT,2024-09-16 14:18:01.570,2024-09-16 15:22:20.649,0.0056,2286.23,2293.01,0.01285,0.025118
ETHUSDT,2024-09-16 14:18:01.570,2024-09-16 15:22:20.657,0.2549,2286.23,2293.01,0.584897,1.143325
BNBUSDT,2024-09-15 22:01:13.407,2024-09-16 23:43:28.187,0.013000000000000067,558.6,534.8,0.15337,-0.46277
BNBUSDT,2024-09-16 19:48:04.643,2024-09-16 23:43:28.187,0.2719999999999999,533.4,534.8,0.152622,0.228178
BNBUSDT,2024-09-16 19:48:04.643,2024-09-16 23:43:28.187,0.01,533.4,534.8,0.00536,0.00864
BNBUSDT,2024-09-16 19:48:04.643,2024-09-16 23:43:28.187,0.4680000000000001,533.4,534.8,0.784579,-0.129379
BNBUSDT,2024-09-16 19:48:04.650,2024-09-16 23:43:28.187,0.75,533.4,534.8,0.784579,0.265421
BNBUSDT,2024-09-16 19:48:04.694,2024-09-16 23:43:28.187,0.2479999999999999,533.4,534.8,0.784203,-0.437003
BTCUSDT,2024-09-18 02:25:38.178,2024-09-18 18:35:04.330,0.01562,60168.01,61171.99,0.955522,14.726645
BNBUSDT,2024-09-16 19:48:04.694,2024-09-19 12:05:12.402,0.015000000000000124,533.4,559.5,0.957502,-0.566002
BNBUSDT,2024-09-19 11:18:10.073,2024-09-19 12:05:12.402,1.696,557.5,559.5,0.958577,2.433423
ETHUSDT,2024-09-16 14:18:01.570,2024-09-19 16:27:35.448,0.0006999999999999784,2286.23,2462.5,0.000495,0.122894
ETHUSDT,2024-09-19 14:10:01.250,2024-09-19 16:27:35.448,0.02520000000000002,2424.01,2462.5,0.00011,0.969838
ETHUSDT,2024-09-19 14:10:01.250,2024-09-19 16:27:35.455,0.3681,2424.01,2462.5,0.906839,13.26133
ETHUSDT,2024-09-19 14:10:01.250,2024-09-19 18:03:41.497,0.0010999999999999899,2424.01,2479.09,0.000405,0.060183
ETHUSDT,2024-09-19 17:58:09.655,2024-09-19 18:03:41.497,0.00230000000000001,2476.83,2479.09,1.3e-05,0.005185
ETHUSDT,2024-09-19 17:58:09.655,2024-09-19 18:03:41.539,0.3448,2476.83,2479.09,0.855137,-0.075889
BTCUSDT,2024-09-18 02:25:38.178,2024-09-19 18:59:32.862,2.000000000000092e-05,60168.01,63620.01,0.96704,-0.898
BTCUSDT,2024-09-19 18:48:21.937,2024-09-19 18:59:32.862,0.015179999999999999,63612.01,63620.01,0.967039,-0.845599
BTCUSDT,2024-09-19 18:48:21.937,2024-09-20 04:07:34.238,4.0000000000000105e-05,63612.01,63950.0,0.716255,-0.702736
BTCUSDT,2024-09-19 19:48:43.350,2024-09-20 04:07:34.238,0.0003,63524.93,63950.0,0.716265,-0.588744
BTCUSDT,2024-09-19 19:48:43.350,2024-09-20 04:07:34.238,0.0038,63524.93,63950.0,0.716559,0.898707
BTCUSDT,2024-09-19 23:56:29.758,2024-09-20 04:07:34.238,0.00706,62962.0,63950.0,0.716247,6.259033
BTCUSDT,2024-09-19 23:56:29.758,2024-09-20 04:08:20.279,0.0041,62962.0,64000.0,0.262411,3.993389
SOLUSDT,2024-09-20 20:34:08.348,2024-09-21 00:40:38.594,0.036,146.83,147.5,0.780606,-0.756486
SOLUSDT,2024-09-20 20:34:08.348,2024-09-21 00:40:38.594,4.667,146.83,147.5,0.785237,2.341653
SOLUSDT,2024-09-20 20:34:08.348,2024-09-21 00:40:38.594,0.5890000000000004,146.83,147.5,0.781159,-0.386529
BTCUSDT,2024-09-19 23:56:29.758,2024-09-21 08:58:23.350,4.999999999999883e-05,62962.0,63028.0,0.780298,-0.776998
BTCUSDT,2024-09-21 02:09:16.870,2024-09-21 08:58:23.350,0.00012,62860.01,63028.0,0.780287,-0.760128
BTCUSDT,2024-09-21 02:09:16.870,2024-09-21 08:58:23.350,0.01221,62860.01,63028.0,0.780299,1.270859
ETHUSDT,2024-09-19 17:58:09.655,2024-09-21 12:00:15.116,0.0015000000000000013,2476.83,2557.31,0.780584,-0.659864
ETHUSDT,2024-09-21 11:39:39.358,2024-09-21 12:00:15.116,0.3036,2551.32,2557.31,0.780539,1.038025
BNBUSDT,2024-09-19 11:18:10.073,2024-09-21 23:15:19.211,0.017000000000000126,557.5,589.0,0.080211,0.455289
BNBUSDT,2024-09-21 17:34:10.483,2024-09-21 23:15:19.211,0.11699999999999988,584.9,589.0,0.079014,0.400686
BNBUSDT,2024-09-21 17:34:10.483,2024-09-21 23:15:19.211,0.2,584.9,589.0,0.117964,0.702036
BNBUSDT,2024-09-21 17:34:10.483,2024-09-21 23:15:19.211,0.2,584.9,589.0,0.117997,0.702003
BNBUSDT,2024-09-21 17:34:10.483,2024-09-21 23:15:19.211,0.2,584.9,589.0,0.118045,0.701955
BNBUSDT,2024-09-21 17:34:10.483,2024-09-21 23:15:19.211,0.2,584.9,589.0,0.000475,0.819525
BNBUSDT,2024-09-21 17:34:10.483,2024-09-21 23:15:19.211,0.2,584.9,589.0,0.000631,0.819369
BNBUSDT,2024-09-21 17:34:10.483,2024-09-21 23:15:19.211,0.2,584.9,589.0,0.118726,0.701274
BTCUSDT,2024-09-21 02:09:16.870,2024-09-22 22:40:16.522,6.999999999999888e-05,62860.01,63500.01,0.193687,-0.148887
BTCUSDT,2024-09-22 00:16:28.500,2024-09-22 22:40:16.522,0.0029800000000000013,63330.07,63500.01,0.193678,0.312743
BTCUSDT,2024-09-22 00:16:28.500,2024-09-22 22:40:16.522,0.00305,63330.07,63500.01,0.193679,0.324638
BTCUSDT,2024-09-22 00:16:28.500,2024-09-22 22:40:16.522,0.00305,63330.07,63500.01,0.193681,0.324636
BTCUSDT,2024-09-22 00:16:28.500,2024-09-22 22:40:16.522,0.00305,63330.07,63500.01,0.193686,0.324631
BTCUSDT,2024-09-22 00:16:28.500,2024-09-22 22:40:16.522,0.00018,63330.07,63500.01,0.011438,0.019151
ETHUSDT,2024-09-21 11:39:39.358,2024-09-22 23:21:06.120,0.0001,2551.32,2581.0,0.000274,0.002694
ETHUSDT,2024-09-21 11:39:39.358,2024-09-22 23:21:50.611,0.0018000000000000127,2551.32,2581.0,0.516247,-0.462823
ETHUSDT,2024-09-22 23:11:05.017,2024-09-22 23:21:50.611,0.19809999999999997,2580.79,2581.0,0.51614,-0.474539
ETHUSDT,2024-09-22 23:11:05.017,2024-09-22 23:21:50.611,0.0019000000000000405,2580.79,2581.0,0.268624,-0.268225
ETHUSDT,2024-09-22 23:11:05.017,2024-09-22 23:21:50.611,0.10209999999999995,2580.79,2581.0,0.268526,-0.247085
BTCUSDT,2024-09-22 00:16:28.500,2024-09-22 23:33:22.695,8.99999999999968e-05,63330.07,63480.85,0.662752,-0.649182
BTCUSDT,2024-09-22 23:32:00.919,2024-09-22 23:33:22.695,0.010350000000000003,63452.01,63480.85,0.663579,-0.365085
BNBUSDT,2024-09-21 17:34:10.483,2024-09-23 04:53:47.097,0.016000000000000292,584.9,593.5,0.663346,-0.525746
BNBUSDT,2024-09-23 04:49:34.837,2024-09-23 04:53:47.097,1.0999999999999999,592.9,593.5,0.663171,-0.003171
SOLUSDT,2024-09-20 20:34:08.348,2024-09-24 02:42:20.414,0.005999999999999561,146.83,145.53,0.044254,-0.052054
SOLUSDT,2024-09-23 17:35:41.160,2024-09-24 02:42:20.414,0.074,143.54,145.53,0.043672,0.103588
SOLUSDT,2024-09-23 17:35:43.297,2024-09-24 02:42:20.414,0.22000000000000042,143.54,145.53,0.043698,0.394102
SOLUSDT,2024-09-23 17:35:43.297,2024-09-24 02:42:20.414,0.3,143.54,145.53,0.043735,0.553265
SOLUSDT,2024-09-23 17:35:43.297,2024-09-24 02:42:20.414,0.203,143.54,145.53,0.029668,0.374302
BTCUSDT,2024-09-22 23:32:00.919,2024-09-24 08:56:28.465,8.999999999999633e-05,63452.01,63920.97,0.19261,-0.150403
BTCUSDT,2024-09-23 05:46:49.842,2024-09-24 08:56:28.465,0.0029100000000000037,63838.22,63920.97,0.191766,0.049037
BTCUSDT,2024-09-23 05:46:49.842,2024-09-24 08:56:28.465,0.003,63838.22,63920.97,0.191767,0.056483
BTCUSDT,2024-09-23 05:46:49.842,2024-09-24 08:56:28.465,0.003,63838.22,63920.97,0.19177,0.05648
BTCUSDT,2024-09-23 05:46:49.842,2024-09-24 08:56:28.465,0.00135,63838.22,63920.97,0.086303,0.02541
BTCUSDT,2024-09-23 05:46:49.842,2024-09-24 14:11:01.415,0.00010999999999999682,63838.22,63513.93,0.164511,-0.200183
BTCUSDT,2024-09-24 12:01:03.321,2024-09-24 14:11:01.415,0.002480000000000003,63508.4,63513.93,0.164697,-0.150982
BTCUSDT,2024-09-24 12:01:03.321,2024-09-24 17:52:15.011,0.003,63508.4,63909.99,0.192026,1.012744
BTCUSDT,2024-09-24 12:01:03.321,2024-09-24 17:52:15.011,0.003,63508.4,63909.99,0.192156,1.012614
BTCUSDT,2024-09-24 12:01:03.321,2024-09-24 17:52:15.011,0.003,63508.4,63909.99,0.192486,1.012284
BTCUSDT,2024-09-24 12:01:03.321,2024-09-24 17:52:15.011,0.000859999999999997,63508.4,63909.99,0.192703,0.152664
BTCUSDT,2024-09-24 14:08:31.964,2024-09-24 17:52:15.011,0.002140000000000003,63410.0,63909.99,0.191732,0.878246
BTCUSDT,2024-09-24 14:08:31.964,2024-09-24 17:52:15.011,0.00045999999999999687,63410.0,63909.99,0.187898,0.042097
BTCUSDT,2024-09-24 15:09:17.459,2024-09-24 17:52:15.011,0.002480000000000003,63322.02,63909.99,0.187898,1.270268
BTCUSDT,2024-09-24 15:09:17.459,2024-09-24 19:50:00.993,0.00011999999999999685,63322.02,64066.79,0.953316,-0.863944
BTCUSDT,2024-09-24 19:49:37.998,2024-09-24 19:50:00.993,0.014760000000000004,64000.0,64066.79,0.953329,0.032492
BTCUSDT,2024-09-24 19:49:37.998,2024-09-24 19:52:12.807,0.00013999999999999603,64000.0,64119.9,0.952195,-0.935409
BTCUSDT,2024-09-24 19:50:38.537,2024-09-24 19:52:12.807,0.014710000000000004,64080.01,64119.9,0.952195,-0.365413
BTCUSDT,2024-09-24 19:50:38.537,2024-09-24 20:05:07.570,0.00014999999999999562,64080.01,64402.76,0.951888,-0.903475
BTCUSDT,2024-09-24 19:55:02.224,2024-09-24 20:05:07.570,0.014630000000000004,64308.01,64402.76,0.951887,0.434305
ETHUSDT,2024-09-22 23:11:05.017,2024-09-27 14:10:58.158,0.002200000000000049,2580.79,2670.0,0.698042,-0.50178
ETHUSDT,2024-09-24 22:10:28.543,2024-09-27 14:10:58.158,0.002,2659.67,2670.0,0.69794,-0.67728
ETHUSDT,2024-09-24 22:10:28.587,2024-09-27 14:10:58.158,0.0193,2659.67,2670.0,0.697957,-0.498588
ETHUSDT,2024-09-24 22:10:28.629,2024-09-27 14:10:58.158,0.1119,2659.67,2670.0,0.69805,0.457877
ETHUSDT,2024-09-24 22:10:28.632,2024-09-27 14:10:58.158,0.0575,2659.67,2670.0,0.697995,-0.104021
ETHUSDT,2024-09-24 22:10:28.632,2024-09-27 14:10:58.158,0.06849999999999998,2659.67,2670.0,0.698006,0.009598
ETHUSDT,2024-09-24 22:10:28.632,2024-09-27 14:10:58.158,0.0957,2659.67,2670.0,0.255681,0.7329
BTCUSDT,2024-09-24 19:55:02.224,2024-10-07 00:38:24.643,0.00015999999999999522,64308.01,63000.31,0.102705,-0.311937
BTCUSDT,2024-10-03 09:49:17.858,2024-10-07 00:38:24.643,0.0014700000000000047,60687.05,63000.31,0.102692,3.2978
BNBUSDT,2024-09-23 04:49:34.837,2024-10-15 10:41:25.453,0.017000000000000126,592.9,589.0,0.295338,-0.361638
BNBUSDT,2024-09-29 13:20:18.208,2024-10-15 10:41:25.453,0.4829999999999999,596.9,589.0,0.294862,-4.110562
BNBUSDT,2024-09-29 13:20:18.208,2024-10-15 10:41:32.662,0.5,596.9,589.0,0.295137,-4.245137
BNBUSDT,2024-09-29 13:20:18.208,2024-10-15 10:41:32.662,0.173,596.9,589.0,0.102695,-1.469395
GTCUSDT,2024-12-03 16:36:56.011,2024-12-04 00:09:00.915,22.1,1.228,1.3,0.12779,1.46341
GTCUSDT,2024-12-03 16:36:56.011,2024-12-04 00:09:00.915,59.199999999999996,1.228,1.3,0.16489,4.09751
XLMUSDT,2024-12-04 15:26:47.596,2024-12-04 15:54:19.097,12.0,0.5084,0.4999,0.012006,-0.114006
XLMUSDT,2024-12-04 15:26:47.596,2024-12-04 15:54:19.097,183.0,0.5084,0.4999,0.286416,-1.841916
VICUSDT,2024-12-04 10:33:05.489,2024-12-04 16:44:25.042,185.64,0.5381,0.5101,0.280335,-5.478255
ZENUSDT,2024-12-07 16:13:53.497,2024-12-07 17:28:08.012,22.48,17.68,17.4,0.413632,-6.708032
BTCUSDT,2024-10-03 09:49:17.858,2024-12-10 04:24:36.458,0.00016999999999999524,60687.05,96371.3,0.376813,5.689509
BTCUSDT,2024-12-07 18:02:42.000,2024-12-10 04:24:36.458,0.003740000000000005,99688.87,96371.3,0.376816,-12.784527
WLDUSDT,2024-12-11 17:09:30.911,2024-12-12 00:48:17.172,161.6,3.089,3.099,0.662398,0.953602
WLDUSDT,2024-12-11 17:09:30.911,2024-12-12 08:00:21.892,0.20000000000001705,3.089,3.28,0.5636,-0.5254
WLDUSDT,2024-12-12 07:53:10.168,2024-12-12 08:00:21.892,122.29999999999998,3.271,3.28,0.5241,0.5766
WLDUSDT,2024-12-12 07:53:10.168,2024-12-12 08:00:21.892,30.1,3.271,3.28,0.249524,0.021376
CHRUSDT,2024-12-12 19:54:38.260,2024-12-14 01:49:19.721,273.0,0.3322,0.3452,0.79149,2.75751
CHRUSDT,2024-12-12 19:54:38.260,2024-12-14 01:49:19.721,23.0,0.3323,0.3452,0.54149,-0.24479
CHRUSDT,2024-12-12 19:54:38.260,2024-12-14 01:49:19.721,23.0,0.3323,0.3452,0.54149,-0.24479
CHRUSDT,2024-12-12 19:54:38.260,2024-12-14 01:49:19.721,1000.0,0.3323,0.3452,1.51849,11.38151
CHRUSDT,2024-12-12 19:54:38.260,2024-12-14 01:49:19.721,183.0,0.3324,0.3452,0.70149,1.64091
ZENUSDT,2024-12-07 16:13:53.497,2024-12-14 12:50:24.901,0.030000000000001137,17.68,14.6,0.036818,-0.129218
ZENUSDT,2024-12-14 12:29:07.110,2024-12-14 12:50:24.901,0.9499999999999988,14.79,14.6,0.015258,-0.195758
ZENUSDT,2024-12-14 12:29:07.110,2024-12-14 12:50:24.901,1.77,14.79,14.6,0.027881,-0.364181
ZENUSDT,2024-12-14 12:29:07.110,2024-12-14 12:50:24.901,4.470000000000002,14.79,14.6,0.15319,-1.00249
ZENUSDT,2024-12-14 12:29:07.110,2024-12-14 12:50:24.901,5.529999999999998,14.79,14.6,0.15153,-1.20223
ZENUSDT,2024-12-14 12:29:07.110,2024-12-14 12:50:24.901,10.0,14.79,14.6,0.159009,-2.059009
ZENUSDT,2024-12-14 12:29:07.110,2024-12-14 12:50:24.901,2.12,14.79,14.6,0.037001,-0.439801
ZENUSDT,2024-12-14 12:29:07.110,2024-12-14 12:50:24.901,6.19,14.79,14.6,0.114017,-1.290117
PONDUSDT,2024-12-14 04:30:46.397,2024-12-15 09:54:56.830,664.0,0.02299,0.0246,0.106976,0.962064
PONDUSDT,2024-12-14 04:30:46.397,2024-12-15 09:54:56.830,3684.0,0.023,0.0246,0.107046,5.787354
ZENUSDT,2024-12-14 12:29:07.110,2024-12-16 01:10:53.693,0.07000000000000206,14.79,15.32,0.031417,0.005683
ZENUSDT,2024-12-14 14:32:04.047,2024-12-16 01:10:53.693,0.41999999999999793,14.56,15.32,0.007927,0.311273
ZENUSDT,2024-12-14 14:32:04.047,2024-12-16 01:10:53.693,0.49,14.56,15.32,0.008007,0.364393
ZENUSDT,2024-12-14 14:32:04.047,2024-12-16 01:10:53.693,18.860000000000003,14.56,15.32,0.94709,13.38651
ZENUSDT,2024-12-14 14:32:04.047,2024-12-16 01:10:53.693,10.3,14.56,15.32,0.93762,6.89038
ZENUSDT,2024-12-14 14:32:04.047,2024-12-16 01:10:53.693,0.52,14.56,15.32,0.92784,-0.53264
ZENUSDT,2024-12-14 14:32:04.047,2024-12-16 01:10:53.693,0.52,14.56,15.32,0.92784,-0.53264
ZENUSDT,2024-12-14 21:32:45.789,2024-12-16 01:10:53.693,2.9,14.74,15.32,0.93022,0.75178
ZENUSDT,2024-12-14 21:32:45.789,2024-12-16 01:10:53.693,2.0,14.74,15.32,0.92932,0.23068
ZENUSDT,2024-12-14 21:32:45.789,2024-12-16 01:10:53.693,2.0,14.74,15.32,0.92932,0.23068
ZENUSDT,2024-12-14 21:32:45.789,2024-12-16 01:10:53.693,2.0,14.74,15.32,0.92932,0.23068
ZENUSDT,2024-12-14 21:32:45.789,2024-12-16 01:10:53.693,2.0,14.74,15.32,0.92932,0.23068
ZENUSDT,2024-12-14 21:32:45.789,2024-12-16 01:10:53.693,3.5,14.74,15.32,0.93082,1.09918
ZENUSDT,2024-12-14 21:32:45.789,2024-12-16 01:10:53.693,1.1,14.74,15.32,0.92842,-0.29042
ZENUSDT,2024-12-14 21:32:45.789,2024-12-16 01:10:53.693,2.9,14.74,15.32,0.93022,0.75178
ZENUSDT,2024-12-14 21:32:45.789,2024-12-16 01:10:53.693,1.2,14.74,15.32,0.92852,-0.23252
ZENUSDT,2024-12-14 21:32:45.789,2024-12-16 01:10:53.693,2.9,14.74,15.32,0.93022,0.75178
ZENUSDT,2024-12-14 21:32:45.789,2024-12-16 01:10:53.693,2.1,14.74,15.32,0.92942,0.28858
ZENUSDT,2024-12-14 21:32:45.789,2024-12-16 01:10:53.693,5.730000000000004,14.74,15.32,0.93305,2.39035
ZENUSDT,2024-12-14 21:32:45.789,2024-12-16 01:10:53.693,6.309999999999995,14.74,15.32,0.46015,3.19965
ZENUSDT,2024-12-14 21:32:45.789,2024-12-16 01:10:53.693,2.9,14.74,15.32,0.45101,1.23099
ZENUSDT,2024-12-14 21:32:45.789,2024-12-16 01:10:53.693,2.0,14.74,15.32,0.45011,0.70989
ZENUSDT,2024-12-14 21:32:45.789,2024-12-16 01:10:53.693,2.0,14.74,15.32,0.45011,0.70989
ZENUSDT,2024-12-14 21:32:45.789,2024-12-16 01:10:53.693,2.9,14.74,15.32,0.45101,1.23099
ZENUSDT,2024-12-14 21:32:45.789,2024-12-16 01:10:53.693,2.1,14.74,15.32,0.45021,0.76779
ZENUSDT,2024-12-14 21:32:45.789,2024-12-16 01:10:53.693,2.0,14.74,15.32,0.45011,0.70989
ZENUSDT,2024-12-14 21:32:45.789,2024-12-16 01:10:53.693,2.0,14.74,15.32,0.45011,0.70989
ZENUSDT,2024-12-14 21:32:45.789,2024-12-16 01:10:53.693,3.5,14.74,15.32,0.45161,1.57839
ZENUSDT,2024-12-14 21:32:45.789,2024-12-16 01:10:53.693,2.9,14.74,15.32,0.45101,1.23099
ZENUSDT,2024-12-14 21:32:45.789,2024-12-16 01:10:53.693,0.6400000000000063,14.74,15.32,0.44875,-0.07755
ZENUSDT,2024-12-14 21:32:45.789,2024-12-16 01:10:53.693,2.2,14.74,15.32,0.036527,1.239473
ZENUSDT,2024-12-14 21:32:45.789,2024-12-16 01:10:53.693,0.05999999999999339,14.74,15.32,0.047328,-0.012528
ZENUSDT,2024-12-14 21:32:45.789,2024-12-16 01:10:53.693,2.1,14.74,15.32,0.046528,1.171472
ZENUSDT,2024-12-14 21:32:45.789,2024-12-16 01:10:53.693,0.7400000000000064,14.74,15.32,0.045168,0.384032
ZENUSDT,2024-12-14 21:32:45.789,2024-12-16 01:10:53.693,3.1,14.74,15.32,0.051318,1.746682
ZENUSDT,2024-12-14 21:32:45.789,2024-12-16 01:10:53.693,0.05999999999999339,14.74,15.32,0.039136,-0.004336
ZENUSDT,2024-12-15 15:36:04.068,2024-12-16 01:10:53.693,2.2400000000000064,15.21,15.32,0.037476,0.208924
ZENUSDT,2024-12-15 15:36:04.068,2024-12-16 01:10:53.693,2.41,15.21,15.32,0.040461,0.224639
ZENUSDT,2024-12-15 15:36:04.068,2024-12-16 01:10:53.693,2.2,15.21,15.32,0.04022,0.20178
FTMUSDT,2024-12-16 01:26:48.592,2024-12-16 18:27:15.744,197.0,1.4397,1.385,0.62635,-11.40225
FTMUSDT,2024-12-16 01:26:48.592,2024-12-16 18:27:15.744,113.0,1.4397,1.385,0.54235,-6.72345
FTMUSDT,2024-12-16 01:26:48.592,2024-12-16 18:27:15.745,57.0,1.4397,1.385,1.296005,-4.413905
FTMUSDT,2024-12-16 01:26:48.592,2024-12-16 18:27:15.745,166.0,1.4396,1.385,1.292005,-10.355605
FTMUSDT,2024-12-16 01:26:48.592,2024-12-16 18:27:15.745,6.0,1.4396,1.385,1.126014,-1.453614
FTMUSDT,2024-12-16 01:26:48.592,2024-12-16 18:27:15.745,277.0,1.4396,1.385,1.403005,-16.527205
FTMUSDT,2024-12-16 01:26:48.592,2024-12-16 18:27:15.745,298.0,1.4398,1.385,1.424005,-17.754405
FTMUSDT,2024-12-16 01:26:48.592,2024-12-16 18:27:15.745,6.0,1.4397,1.385,1.126014,-1.454214
FTMUSDT,2024-12-16 01:26:48.592,2024-12-16 18:27:15.745,3.0,1.4396,1.385,1.126009,-1.289809
ACXUSDT,2024-12-16 23:04:52.431,2024-12-19 18:09:45.020,56.5,0.7947,0.5895,0.355259,-11.949059
ACXUSDT,2024-12-16 23:04:52.431,2024-12-19 18:09:45.020,56.5,0.7944,0.5895,0.355259,-11.932109
ACXUSDT,2024-12-16 23:04:52.431,2024-12-19 18:09:45.020,53.4,0.7944,0.5895,0.352159,-11.293819
ACXUSDT,2024-12-16 23:04:52.431,2024-12-19 18:09:45.020,62.8,0.7945,0.5895,0.361559,-13.235559
ACXUSDT,2024-12-16 23:04:52.431,2024-12-19 18:09:45.020,251.0,0.7945,0.5895,0.549759,-52.004759
ACXUSDT,2024-12-16 23:04:52.431,2024-12-19 18:09:45.020,26.600000000000023,0.7948,0.5895,0.325359,-5.786339
ACXUSDT,2024-12-16 23:04:52.431,2024-12-19 18:09:45.020,12.8,0.7948,0.5895,0.025512,-2.653352
ACXUSDT,2024-12-16 23:04:52.431,2024-12-19 18:09:45.020,36.9,0.7948,0.5895,0.086032,-7.661602
ACXUSDT,2024-12-16 23:04:52.431,2024-12-19 18:09:45.020,12.8,0.7948,0.5896,0.080633,-2.707193
ACXUSDT,2024-12-16 23:04:52.431,2024-12-19 18:09:45.020,3.399999999999981,0.7948,0.5897,0.100048,-0.797388
ACXUSDT,2024-12-16 23:04:52.431,2024-12-19 18:09:45.020,9.40000000000002,0.7946,0.5897,0.016948,-1.943008
ACXUSDT,2024-12-16 23:04:52.431,2024-12-19 18:09:45.020,36.9,0.7946,0.5896,0.066021,-7.630521
ACXUSDT,2024-12-16 23:04:52.431,2024-12-19 18:09:45.020,10.199999999999982,0.7946,0.5897,0.064048,-2.154028
ACXUSDT,2024-12-16 23:07:34.043,2024-12-19 18:09:45.020,2.600000000000019,0.7906,0.5897,0.010148,-0.532488
ACXUSDT,2024-12-16 23:07:34.043,2024-12-19 18:09:45.020,77.79999999999998,0.7906,0.5898,0.693792,-16.316032
ACXUSDT,2024-12-16 23:07:34.043,2024-12-19 18:09:45.020,310.0,0.7905,0.5898,0.923392,-63.140392
ACXUSDT,2024-12-16 23:07:34.043,2024-12-19 18:09:45.020,9.5,0.7905,0.5898,0.622892,-2.529542
ACXUSDT,2024-12-16 23:07:34.043,2024-12-19 18:09:45.020,252.0,0.7905,0.5898,0.865392,-51.441792
ACXUSDT,2024-12-16 23:07:34.043,2024-12-19 18:09:45.020,7.9,0.7903,0.5898,0.621292,-2.205242
ACXUSDT,2024-12-16 23:07:34.043,2024-12-19 18:09:45.020,314.2,0.7906,0.5898,0.927592,-64.018952
ACXUSDT,2024-12-16 23:07:34.043,2024-12-19 18:09:45.020,68.60000000000008,0.7907,0.5898,0.681992,-14.463732
ZENUSDT,2024-12-15 15:36:04.068,2024-12-19 18:16:30.231,0.16999999999999282,15.21,15.24,0.029423,-0.024323
ZENUSDT,2024-12-19 18:14:16.011,2024-12-19 18:16:30.231,1.3000000000000071,15.2,15.24,0.023703,0.028297
ZENUSDT,2024-12-19 18:14:16.011,2024-12-19 18:16:30.233,2.109999999999993,15.2,15.24,0.963378,-0.878978
ZENUSDT,2024-12-19 18:14:16.013,2024-12-19 18:16:30.233,60.88000000000001,15.2,15.24,1.020848,1.414352
HMSTRUSDT,2024-12-22 21:23:59.223,2024-12-23 03:15:22.257,37401.0,0.002671,0.00269,37.502608,-36.791989
AXLUSDT,2024-12-24 17:44:33.792,2024-12-25 07:19:13.729,123.61,0.8081,0.827,0.225835,2.110394
ACXUSDT,2024-12-16 23:07:34.043,2025-01-02 07:08:38.747,12.7,0.7907,0.5923,0.024973,-2.544653
ACXUSDT,2024-12-16 23:07:34.043,2025-01-02 07:08:38.747,12.7,0.7907,0.5922,0.02627,-2.54722
ACXUSDT,2024-12-16 23:07:34.043,2025-01-02 07:08:38.747,138.0,0.7907,0.5922,0.301825,-27.694825
ACXUSDT,2024-12-16 23:07:34.043,2025-01-02 07:08:38.747,19.999999999999943,0.7907,0.5922,0.329993,-4.299993
ACXUSDT,2024-12-16 23:07:34.043,2025-01-02 07:08:38.747,9.5,0.7907,0.5922,0.087493,-1.973243
ACXUSDT,2024-12-16 23:07:34.043,2025-01-02 07:08:38.747,94.7,0.7908,0.5922,0.172693,-18.980113
ACXUSDT,2024-12-16 23:07:34.043,2025-01-02 07:08:38.747,7.500000000000043,0.7906,0.5922,0.085493,-1.573493
AXLUSDT,2024-12-24 17:44:33.792,2025-01-02 07:09:15.193,0.12999999999999545,0.8081,0.681,0.26863,-0.285153
AXLUSDT,2024-12-25 17:36:37.884,2025-01-02 07:09:15.193,212.63,0.7973,0.681,0.35752,-25.086389
AXLUSDT,2024-12-25 17:36:37.884,2025-01-02 07:09:15.193,26.8,0.7973,0.681,0.194187,-3.311027
AXLUSDT,2024-12-25 17:36:37.884,2025-01-02 07:09:15.193,11.02,0.7973,0.681,0.249771,-1.531397
HOMEUSDT,2025-06-15 03:32:12.693,2025-06-29 16:51:44.101,276.0,0.02726,0.02178,0.282011,-1.794491
HOMEUSDT,2025-06-15 03:32:12.693,2025-06-29 16:51:45.452,4829.0,0.02726,0.02178,5.300541,-31.763461
HOMEUSDT,2025-06-15 03:32:12.693,2025-06-29 16:51:45.452,3862.0,0.02726,0.02178,4.057541,-25.221301
HOMEUSDT,2025-06-15 03:32:12.693,2025-06-29 16:51:45.452,203.0,0.02727,0.02178,0.398541,-1.513011
SOLUSDT,2024-09-23 17:35:43.297,2025-10-14 15:45:23.033,0.005999999999999561,143.54,199.1,1.023901,-0.690541
SOLUSDT,2025-10-14 09:49:25.650,2025-10-14 15:45:23.033,5.136000000000001,194.88,199.1,1.028908,20.645012
SOLUSDT,2025-10-14 09:49:25.650,2025-10-20 06:32:22.608,0.011999999999998678,194.88,194.0,0.526426,-0.536986
SOLUSDT,2025-10-15 07:21:00.598,2025-10-20 06:32:22.608,2.001,204.39,194.0,0.523279,-21.313669
SOLUSDT,2025-10-15 07:21:00.598,2025-10-20 06:32:22.608,0.6740000000000013,204.39,194.0,0.521952,-7.524812
SOLUSDT,2025-10-15 07:21:00.598,2025-10-21 14:48:42.729,2.1159999999999988,204.39,190.0,0.51826,-30.9675
SOLUSDT,2025-10-15 07:21:00.598,2025-10-21 14:48:42.729,0.026,204.39,190.0,0.515496,-0.889636
SOLUSDT,2025-10-15 07:21:00.598,2025-10-21 14:48:42.729,0.026,204.39,190.0,0.515496,-0.889636
SOLUSDT,2025-10-16 16:37:53.771,2025-10-21 14:48:42.729,0.028,187.29,190.0,0.515498,-0.439618
SOLUSDT,2025-10-16 16:37:53.771,2025-10-21 14:48:42.729,0.317,187.29,190.0,0.515787,0.343283
SOLUSDT,2025-10-16 16:37:53.771,2025-10-21 14:48:42.729,0.028,187.29,190.0,0.515498,-0.439618
SOLUSDT,2025-10-16 16:37:53.771,2025-10-21 14:48:42.729,0.17200000000000124,187.29,190.0,0.515642,-0.049522
SOLUSDT,2025-10-16 16:37:53.771,2025-10-23 06:13:22.362,0.08599999999999877,187.29,185.0,0.512523,-0.709463
SOLUSDT,2025-10-16 16:37:53.771,2025-10-23 06:13:22.362,0.029,187.29,185.0,0.512294,-0.578704
SOLUSDT,2025-10-16 16:37:53.771,2025-10-23 06:13:22.362,0.028,187.29,185.0,0.512293,-0.576413
SOLUSDT,2025-10-16 16:37:53.771,2025-10-23 06:13:22.362,0.028,187.29,185.0,0.512293,-0.576413
SOLUSDT,2025-10-16 16:37:53.771,2025-10-23 06:13:22.362,0.029,187.29,185.0,0.512294,-0.578704
SOLUSDT,2025-10-16 16:37:53.771,2025-10-23 06:13:22.362,0.028,187.29,185.0,0.512293,-0.576413
SOLUSDT,2025-10-16 16:37:53.771,2025-10-23 06:13:22.362,0.028,187.29,185.0,0.512293,-0.576413
SOLUSDT,2025-10-16 16:37:53.771,2025-10-23 06:13:22.362,0.028,187.29,185.0,0.512293,-0.576413
SOLUSDT,2025-10-16 16:37:53.771,2025-10-23 06:13:22.362,0.028,187.29,185.0,0.512293,-0.576413
SOLUSDT,2025-10-16 16:37:53.771,2025-10-23 06:13:22.362,1.771,187.3,185.0,0.514036,-4.587336
SOLUSDT,2025-10-16 16:37:53.771,2025-10-23 06:13:22.362,0.028,187.29,185.0,0.512293,-0.576413
SOLUSDT,2025-10-16 16:37:53.771,2025-10-23 06:13:22.362,0.006,187.29,185.0,0.512271,-0.526011
SOLUSDT,2025-10-16 16:37:53.771,2025-10-23 06:13:22.362,0.028,187.29,185.0,0.512293,-0.576413
SOLUSDT,2025-10-21 04:24:02.605,2025-10-23 06:13:22.362,0.6240000000000012,184.03,185.0,0.512889,0.092391
SOLUSDT,2025-10-21 04:24:02.605,2025-10-23 13:26:35.235,2.0919999999999987,184.03,190.0,0.921936,11.567304
SOLUSDT,2025-10-23 00:13:23.819,2025-10-23 13:26:35.235,0.029,180.33,190.0,0.919249,-0.638819
SOLUSDT,2025-10-23 00:13:23.819,2025-10-23 13:26:35.235,0.029,180.33,190.0,0.919249,-0.638819
SOLUSDT,2025-10-23 00:13:23.819,2025-10-23 13:26:35.235,0.056,180.33,190.0,0.919276,-0.377756
SOLUSDT,2025-10-23 00:13:23.819,2025-10-23 13:26:35.235,0.411,180.33,190.0,0.919631,3.054739
SOLUSDT,2025-10-23 00:13:23.819,2025-10-23 13:26:35.235,0.03,180.33,190.0,0.91925,-0.62915
SOLUSDT,2025-10-23 00:13:23.819,2025-10-23 13:26:35.235,2.189,180.33,190.0,0.921409,20.246221
SOLUSDT,2025-10-23 00:13:23.819,2025-10-23 13:26:35.235,0.002000000000001556,180.33,190.0,0.919222,-0.899882
SOLUSDT,2025-10-23 00:13:23.819,2025-10-24 08:43:09.471,0.025999999999998444,180.33,193.15,0.177533,0.155787
SOLUSDT,2025-10-24 08:40:30.699,2025-10-24 08:43:09.471,0.8930000000000016,193.05,193.15,0.178398,-0.089098
SOLUSDT,2025-10-24 08:40:30.699,2025-10-24 08:43:09.471,0.115,193.05,193.15,0.023045,-0.011545
SOLUSDT,2025-10-24 08:40:30.699,2025-10-25 18:31:26.529,0.027999999999998457,193.05,194.0,0.504854,-0.478254
SOLUSDT,2025-10-25 17:33:40.364,2025-10-25 18:31:26.529,2.5690000000000017,192.28,194.0,0.506387,3.912293
SOLUSDT,2025-10-25 17:33:40.364,2025-10-30 02:51:14.358,0.030999999999998362,192.28,197.53,0.511437,-0.348687
SOLUSDT,2025-10-29 19:02:01.584,2025-10-30 02:51:14.358,2.5450000000000017,193.8,197.53,0.511382,8.981468
SOLUSDT,2025-10-29 19:02:01.584,2025-10-31 19:34:12.141,0.033999999999998476,193.8,188.0,0.521835,-0.719035
SOLUSDT,2025-10-30 04:15:09.282,2025-10-31 19:34:12.141,0.031,193.75,188.0,0.519287,-0.697537
SOLUSDT,2025-10-30 04:15:09.284,2025-10-31 19:34:12.141,2.592,193.75,188.0,0.521848,-15.425848
SOLUSDT,2025-10-30 19:27:46.591,2025-10-31 19:34:12.141,0.029,180.79,188.0,0.519285,-0.310195
SOLUSDT,2025-10-30 19:27:46.591,2025-10-31 19:34:12.141,0.029,180.79,188.0,0.519285,-0.310195
SOLUSDT,2025-10-30 19:27:46.591,2025-10-31 19:34:12.141,0.04700000000000132,180.79,188.0,0.519303,-0.180433
SOLUSDT,2025-10-30 19:27:46.591,2025-11-02 23:52:58.267,0.008999999999998683,180.79,187.43,0.498432,-0.438672
SOLUSDT,2025-10-30 19:27:46.591,2025-11-02 23:52:58.267,0.028,180.79,187.43,0.498404,-0.312484
SOLUSDT,2025-10-30 19:27:46.591,2025-11-02 23:52:58.267,2.507,180.79,187.43,0.500883,16.145597
SOLUSDT,2025-10-30 19:27:46.591,2025-11-02 23:52:58.267,0.056,180.79,187.43,0.498432,-0.126592
SOLUSDT,2025-10-30 19:27:46.591,2025-11-02 23:52:58.267,0.03,180.79,187.43,0.498406,-0.299206
SOLUSDT,2025-10-30 19:27:46.591,2025-11-02 23:52:58.267,0.0290000000000011,180.79,187.43,0.498405,-0.305845
SOLUSDT,2025-10-30 19:27:46.591,2025-12-09 16:00:42.337,0.0009999999999988976,180.79,139.0,0.201997,-0.243787
SOLUSDT,2025-11-02 14:44:14.637,2025-12-09 16:00:42.337,0.086,184.4,139.0,0.202053,-4.106453
SOLUSDT,2025-11-02 14:44:14.802,2025-12-09 16:00:42.337,0.17,184.4,139.0,0.202137,-7.920137
SOLUSDT,2025-11-02 14:44:15.172,2025-12-09 16:00:42.337,1.196000000000001,184.4,139.0,0.203163,-54.501563
SOLUSDT,2025-11-02 14:44:15.172,2026-01-04 08:40:51.876,1.209999999999999,184.4,133.75,0.803702,-62.090202
SOLUSDT,2025-11-03 02:47:03.432,2026-01-04 08:40:51.876,2.79,183.1,133.75,0.804086,-138.490586
SOLUSDT,2025-11-03 17:23:37.372,2026-01-04 08:40:51.876,0.032,169.93,133.75,0.801328,-1.959088
SOLUSDT,2025-11-03 17:23:37.372,2026-01-04 08:40:51.876,0.059,169.93,133.75,0.801355,-2.935975
SOLUSDT,2025-11-03 17:23:37.372,2026-01-04 08:40:51.876,1.9000000000000006,169.93,133.75,0.803196,-69.545196
SOLUSDT,2025-11-03 17:23:37.372,2026-01-04 08:40:51.876,0.7049999999999994,169.93,133.75,0.137559,-25.644459
SOLUSDT,2025-11-03 17:23:37.372,2026-01-04 08:40:51.876,0.031,169.93,133.75,0.134985,-1.256565
SOLUSDT,2025-11-03 17:23:37.372,2026-01-04 08:40:51.876,0.031,169.93,133.75,0.134985,-1.256565
SOLUSDT,2025-11-03 17:23:37.372,2026-01-04 08:40:51.876,0.06,169.93,133.75,0.135014,-2.305814
SOLUSDT,2025-11-03 17:23:37.372,2026-01-04 08:40:51.876,0.031,169.93,133.75,0.134985,-1.256565
SOLUSDT,2025-11-03 17:23:37.372,2026-01-04 08:40:51.876,0.031,169.93,133.75,0.134985,-1.256565
SOLUSDT,2025-11-03 17:23:37.372,2026-01-04 08:40:51.876,0.03,169.93,133.75,0.134984,-1.220384
SOLUSDT,2025-11-03 17:23:37.372,2026-01-04 08:40:51.876,0.032,169.93,133.75,0.134986,-1.292746
SOLUSDT,2025-12-08 15:06:31.771,2026-01-04 08:40:51.876,0.039,137.42,133.75,0.134993,-0.278123
SOLUSDT,2025-12-08 15:06:31.771,2026-01-04 08:40:51.876,0.019000000000000468,137.42,133.75,0.134973,-0.204703
SOLUSDT,2025-12-08 15:06:31.771,2026-01-04 09:00:25.924,0.01799999999999953,137.42,134.14,0.273951,-0.332991
SOLUSDT,2025-12-08 15:06:31.771,2026-01-04 09:00:25.924,0.039,137.42,134.14,0.273953,-0.401873
SOLUSDT,2025-12-08 15:06:31.771,2026-01-04 09:00:25.924,0.039,137.41,134.14,0.273953,-0.401483
SOLUSDT,2025-12-08 15:06:31.771,2026-01-04 09:00:25.924,0.039,137.41,134.14,0.273953,-0.401483
SOLUSDT,2025-12-08 15:06:31.771,2026-01-04 09:00:25.924,0.038,137.41,134.14,0.273952,-0.398212
SOLUSDT,2025-12-08 15:06:31.771,2026-01-04 09:00:25.924,0.038,137.41,134.14,0.273952,-0.398212
SOLUSDT,2025-12-08 15:06:31.771,2026-01-04 09:00:25.924,0.17,137.41,134.14,0.274084,-0.829984
SOLUSDT,2025-12-08 15:06:31.771,2026-01-04 09:00:25.924,0.074,137.41,134.14,0.273988,-0.515968
SOLUSDT,2025-12-08 15:06:31.771,2026-01-04 09:00:25.924,0.039,137.41,134.14,0.273953,-0.401483
SOLUSDT,2025-12-08 15:06:31.771,2026-01-04 09:00:25.924,0.039,137.41,134.14,0.273953,-0.401483
SOLUSDT,2025-12-08 15:06:31.771,2026-01-04 09:00:25.924,0.039,137.41,134.14,0.273953,-0.401483
SOLUSDT,2025-12-08 15:06:31.771,2026-01-04 09:00:25.924,0.039,137.41,134.14,0.273953,-0.401483
SOLUSDT,2025-12-08 15:06:31.771,2026-01-04 09:00:25.924,0.039,137.41,134.14,0.273953,-0.401483
SOLUSDT,2025-12-08 15:06:31.771,2026-01-04 09:00:25.924,0.039,137.41,134.14,0.273953,-0.401483
SOLUSDT,2025-12-08 15:06:31.771,2026-01-04 09:00:25.924,0.039,137.41,134.14,0.273953,-0.401483
SOLUSDT,2025-12-08 15:06:31.771,2026-01-04 09:00:25.924,0.039,137.41,134.14,0.273953,-0.401483
SOLUSDT,2025-12-08 15:06:31.771,2026-01-04 09:00:25.924,0.476,137.42,134.14,0.27439,-1.83567
SOLUSDT,2025-12-08 15:06:31.771,2026-01-04 09:00:25.924,0.039,137.41,134.14,0.273953,-0.401483
SOLUSDT,2025-12-08 15:06:31.771,2026-01-04 09:00:25.924,0.039,137.41,134.14,0.273953,-0.401483
SOLUSDT,2025-12-08 15:06:31.771,2026-01-04 09:00:25.924,0.039,137.41,134.14,0.273953,-0.401483
SOLUSDT,2025-12-08 15:06:31.771,2026-01-04 09:00:25.924,0.037,137.41,134.14,0.273951,-0.394941
SOLUSDT,2025-12-12 21:14:29.923,2026-01-04 09:00:25.924,0.6450000000000011,131.45,134.14,0.274559,1.460491
SOLUSDT,2025-12-12 21:14:29.923,2026-01-04 09:00:25.924,0.024999999999998912,131.45,134.14,0.005901,0.061349
SOLUSDT,2025-12-12 21:14:29.923,2026-01-04 09:00:25.924,0.014000000000001088,131.45,134.14,0.005245,0.032415
SOLUSDT,2025-12-12 21:14:29.923,2026-01-04 09:00:25.924,0.025999999999998913,131.45,134.14,0.005406,0.064534
SOLUSDT,2025-12-12 21:14:29.923,2026-01-04 09:00:25.924,0.014000000000001088,131.45,134.14,0.00538,0.03228
SOLUSDT,2025-12-12 21:14:29.923,2026-01-04 09:00:25.924,0.04,131.45,134.14,0.005406,0.102194
SOLUSDT,2025-12-12 21:14:29.923,2026-01-04 09:00:25.924,0.04,131.45,134.14,0.005406,0.102194
SOLUSDT,2025-12-12 21:14:29.923,2026-01-04 09:00:25.924,0.039,131.45,134.14,0.005271,0.099639
SOLUSDT,2025-12-12 21:14:29.923,2026-01-04 09:00:25.924,0.039,131.45,134.14,0.005271,0.099639
SOLUSDT,2025-12-12 21:14:29.923,2026-01-04 09:00:25.924,0.038,131.45,134.14,0.005137,0.097083
SOLUSDT,2025-12-12 21:14:29.923,2026-01-04 09:00:25.924,0.04,131.45,134.14,0.005407,0.102193
SOLUSDT,2025-12-12 21:14:29.923,2026-01-04 09:00:25.924,0.075,131.45,134.14,0.010139,0.191611
SOLUSDT,2025-12-12 21:14:29.923,2026-01-04 09:00:25.924,0.056,131.45,134.14,0.007571,0.143069
SOLUSDT,2025-12-12 21:14:29.923,2026-01-04 09:00:25.924,0.04,131.45,134.14,0.005409,0.102191
SOLUSDT,2025-12-12 21:14:29.923,2026-01-04 09:00:25.924,0.039,131.45,134.14,0.005274,0.099636
SOLUSDT,2025-12-12 21:14:29.923,2026-01-04 09:00:25.924,0.04,131.45,134.14,0.005409,0.102191
SOLUSDT,2025-12-12 21:14:29.923,2026-01-14 11:15:02.154,0.7,131.45,144.3,0.10178,8.89322
SOLUSDT,2025-12-12 21:14:29.923,2026-01-14 21:23:17.558,4.314999999999999,131.45,147.09,1.273284,66.213316
SOLUSDT,2025-12-12 21:14:29.923,2026-01-14 21:23:17.558,0.082,131.45,147.09,1.267851,0.014629
SOLUSDT,2025-12-12 21:14:29.923,2026-01-14 21:23:17.558,0.039,131.45,147.09,1.267808,-0.657848
SOLUSDT,2025-12-12 21:14:29.923,2026-01-14 21:23:17.558,0.039,131.45,147.09,1.267808,-0.657848
SOLUSDT,2025-12-12 21:14:29.923,2026-01-14 21:23:17.558,0.039,131.45,147.09,1.267808,-0.657848
SOLUSDT,2025-12-12 21:14:29.923,2026-01-14 21:23:17.558,0.041,131.45,147.09,1.26781,-0.62657
SOLUSDT,2025-12-12 21:14:29.923,2026-01-14 21:23:17.558,0.041,131.45,147.09,1.26781,-0.62657
SOLUSDT,2025-12-12 21:14:29.923,2026-01-14 21:23:17.558,0.042,131.45,147.09,1.267811,-0.610931
SOLUSDT,2025-12-12 21:14:29.923,2026-01-14 21:23:17.558,0.077,131.45,147.09,1.267846,-0.063566
SOLUSDT,2025-12-12 21:14:29.923,2026-01-14 21:23:17.558,0.058,131.45,147.09,1.267827,-0.360707
SOLUSDT,2025-12-12 21:14:29.923,2026-01-14 21:23:17.558,0.039,131.45,147.09,1.267808,-0.657848
SOLUSDT,2025-12-12 21:14:29.923,2026-01-14 21:23:17.558,0.67,131.45,147.09,1.268439,9.210361
SOLUSDT,2025-12-12 21:14:29.923,2026-01-14 21:23:17.558,0.04,131.45,147.09,1.267809,-0.642209
SOLUSDT,2025-12-12 21:14:29.923,2026-01-14 21:23:17.558,0.041,131.45,147.09,1.26781,-0.62657
SOLUSDT,2025-12-12 21:14:29.923,2026-01-14 21:23:17.558,0.041,131.45,147.09,1.26781,-0.62657
SOLUSDT,2025-12-12 21:14:29.923,2026-01-14 21:23:17.558,0.041,131.45,147.09,1.26781,-0.62657
SOLUSDT,2025-12-12 21:14:29.923,2026-01-14 21:23:17.558,0.011,131.45,147.09,1.26778,-1.09574
SOLUSDT,2025-12-12 21:14:29.923,2026-01-14 21:23:17.558,0.041,131.45,147.09,1.26781,-0.62657
SOLUSDT,2025-12-15 19:26:04.940,2026-01-14 21:23:17.558,2.922000000000002,125.44,147.09,1.270691,61.990609
SOLUSDT,2025-12-15 19:26:04.940,2026-01-16 23:14:51.693,0.03499999999999792,125.44,145.0,0.184207,0.500393
SOLUSDT,2026-01-14 21:25:37.965,2026-01-16 23:14:51.693,1.215000000000002,146.87,145.0,0.182465,-2.454515
