operateTime,totalServiceChargeAmount,totalTransferedAmount,transId,userAssetDribbletDetails,fromAsset,amount,transferedAmount,serviceChargeAmount,targetAsset
1726830945000,0.00002278,0.00113985,192586516898,"[{'fromAsset': 'ETH', 'amount': '0.000057', 'transferedAmount': '0.00025497', 'serviceChargeAmount': '0.00000509', 'operateTime': 1726830945000, 'transId': 192586516898, 'targetAsset': 'BNB'}, {'fromAsset': 'BTC', 'amount': '0.00000793', 'transferedAmount': '0.00088488', 'serviceChargeAmount': '0.00001769', 'operateTime': 1726830945000, 'transId': 192586516898, 'targetAsset': 'BNB'}]",ETH,0.000057,0.00025497,0.00000509,BNB
1726830945000,0.00002278,0.00113985,192586516898,"[{'fromAsset': 'ETH', 'amount': '0.000057', 'transferedAmount': '0.00025497', 'serviceChargeAmount': '0.00000509', 'operateTime': 1726830945000, 'transId': 192586516898, 'targetAsset': 'BNB'}, {'fromAsset': 'BTC', 'amount': '0.00000793', 'transferedAmount': '0.00088488', 'serviceChargeAmount': '0.00001769', 'operateTime': 1726830945000, 'transId': 192586516898, 'targetAsset': 'BNB'}]",BTC,0.00000793,0.00088488,0.00001769,BNB
1734115869000,0.00000401,0.00020063,223617792091,"[{'fromAsset': 'WLD', 'amount': '0.0472', 'transferedAmount': '0.00020063', 'serviceChargeAmount': '0.00000401', 'operateTime': 1734115869000, 'transId': 223617792091, 'targetAsset': 'BNB'}]",WLD,0.0472,0.00020063,0.00000401,BNB
1761022727000,0.00000353,0.00017728,313721188410,"[{'fromAsset': 'HOME', 'amount': '0.49304406', 'transferedAmount': '0.00001296', 'serviceChargeAmount': '0.00000025', 'operateTime': 1761022727000, 'transId': 313721188410, 'targetAsset': 'BNB'}, {'fromAsset': 'USDT', 'amount': '0.17452', 'transferedAmount': '0.00016418', 'serviceChargeAmount': '0.00000328', 'operateTime': 1761022727000, 'transId': 313721188410, 'targetAsset': 'BNB'}, {'fromAsset': 'USDC', 'amount': '0.00015465', 'transferedAmount': '0.00000014', 'serviceChargeAmount': '0', 'operateTime': 1761022727000, 'transId': 313721188410, 'targetAsset': 'BNB'}]",HOME,0.49304406,0.00001296,0.00000025,BNB
1761022727000,0.00000353,0.00017728,313721188410,"[{'fromAsset': 'HOME', 'amount': '0.49304406', 'transferedAmount': '0.00001296', 'serviceChargeAmount': '0.00000025', 'operateTime': 1761022727000, 'transId': 313721188410, 'targetAsset': 'BNB'}, {'fromAsset': 'USDT', 'amount': '0.17452', 'transferedAmount': '0.00016418', 'serviceChargeAmount': '0.00000328', 'operateTime': 1761022727000, 'transId': 313721188410, 'targetAsset': 'BNB'}, {'fromAsset': 'USDC', 'amount': '0.00015465', 'transferedAmount': '0.00000014', 'serviceChargeAmount': '0', 'operateTime': 1761022727000, 'transId': 313721188410, 'targetAsset': 'BNB'}]",USDT,0.17452,0.00016418,0.00000328,BNB
1761022727000,0.00000353,0.00017728,313721188410,"[{'fromAsset': 'HOME', 'amount': '0.49304406', 'transferedAmount': '0.00001296', 'serviceChargeAmount': '0.00000025', 'operateTime': 1761022727000, 'transId': 313721188410, 'targetAsset': 'BNB'}, {'fromAsset': 'USDT', 'amount': '0.17452', 'transferedAmount': '0.00016418', 'serviceChargeAmount': '0.00000328', 'operateTime': 1761022727000, 'transId': 313721188410, 'targetAsset': 'BNB'}, {'fromAsset': 'USDC', 'amount': '0.00015465', 'transferedAmount': '0.00000014', 'serviceChargeAmount': '0', 'operateTime': 1761022727000, 'transId': 313721188410, 'targetAsset': 'BNB'}]",USDC,0.00015465,0.00000014,0,BNB
1766749909000,0,0.00000011,337884737918,"[{'fromAsset': 'USDT', 'amount': '0.00009649', 'transferedAmount': '0.00000011', 'serviceChargeAmount': '0', 'operateTime': 1766749909000, 'transId': 337884737918, 'targetAsset': 'BNB'}]",USDT,0.00009649,0.00000011,0,BNB
1733975160000,0.00000351,0.00017559,222948301027,"[{'fromAsset': 'WLD', 'amount': '0.0382', 'transferedAmount': '0.00017559', 'serviceChargeAmount': '0.00000351', 'operateTime': 1733975160000, 'transId': 222948301027, 'targetAsset': 'BNB'}]",WLD,0.0382,0.00017559,0.00000351,BNB
1735139788000,0.00000014,0.00000709,227781347317,"[{'fromAsset': 'AXL', 'amount': '0.00626', 'transferedAmount': '0.00000709', 'serviceChargeAmount': '0.00000014', 'operateTime': 1735139788000, 'transId': 227781347317, 'targetAsset': 'BNB'}]",AXL,0.00626,0.00000709,0.00000014,BNB
1727386236000,0.00000054,0.00002723,193707655961,"[{'fromAsset': 'BTC', 'amount': '0.00000025', 'transferedAmount': '0.00002723', 'serviceChargeAmount': '0.00000054', 'operateTime': 1727386236000, 'transId': 193707655961, 'targetAsset': 'BNB'}]",BTC,0.00000025,0.00002723,0.00000054,BNB
1725547004000,0.0000013,0.00006548,190557872792,"[{'fromAsset': 'TON', 'amount': '0.00112568', 'transferedAmount': '0.00001036', 'serviceChargeAmount': '0.0000002', 'operateTime': 1725547004000, 'transId': 190557872792, 'targetAsset': 'BNB'}, {'fromAsset': 'BONK', 'amount': '1668', 'transferedAmount': '0.00005512', 'serviceChargeAmount': '0.0000011', 'operateTime': 1725547004000, 'transId': 190557872792, 'targetAsset': 'BNB'}]",TON,0.00112568,0.00001036,0.0000002,BNB
1725547004000,0.0000013,0.00006548,190557872792,"[{'fromAsset': 'TON', 'amount': '0.00112568', 'transferedAmount': '0.00001036', 'serviceChargeAmount': '0.0000002', 'operateTime': 1725547004000, 'transId': 190557872792, 'targetAsset': 'BNB'}, {'fromAsset': 'BONK', 'amount': '1668', 'transferedAmount': '0.00005512', 'serviceChargeAmount': '0.0000011', 'operateTime': 1725547004000, 'transId': 190557872792, 'targetAsset': 'BNB'}]",BONK,1668,0.00005512,0.0000011,BNB
1733805016000,0.00002004,0.00100268,221967488033,"[{'fromAsset': 'ZEN', 'amount': '0.00749', 'transferedAmount': '0.00014833', 'serviceChargeAmount': '0.00000296', 'operateTime': 1733805016000, 'transId': 221967488033, 'targetAsset': 'BNB'}, {'fromAsset': 'BTC', 'amount': '0.00000608', 'transferedAmount': '0.00085435', 'serviceChargeAmount': '0.00001708', 'operateTime': 1733805016000, 'transId': 221967488033, 'targetAsset': 'BNB'}]",ZEN,0.00749,0.00014833,0.00000296,BNB
1733805016000,0.00002004,0.00100268,221967488033,"[{'fromAsset': 'ZEN', 'amount': '0.00749', 'transferedAmount': '0.00014833', 'serviceChargeAmount': '0.00000296', 'operateTime': 1733805016000, 'transId': 221967488033, 'targetAsset': 'BNB'}, {'fromAsset': 'BTC', 'amount': '0.00000608', 'transferedAmount': '0.00085435', 'serviceChargeAmount': '0.00001708', 'operateTime': 1733805016000, 'transId': 221967488033, 'targetAsset': 'BNB'}]",BTC,0.00000608,0.00085435,0.00001708,BNB
1733295158000,0.00000063,0.00003162,218965100293,"[{'fromAsset': 'GTC', 'amount': '0.0186', 'transferedAmount': '0.00003162', 'serviceChargeAmount': '0.00000063', 'operateTime': 1733295158000, 'transId': 218965100293, 'targetAsset': 'BNB'}]",GTC,0.0186,0.00003162,0.00000063,BNB
1727047811000,0.00002435,0.00121794,192935173592,"[{'fromAsset': 'ETH', 'amount': '0.0000902', 'transferedAmount': '0.00039589', 'serviceChargeAmount': '0.00000791', 'operateTime': 1727047811000, 'transId': 192935173592, 'targetAsset': 'BNB'}, {'fromAsset': 'BTC', 'amount': '0.0000076', 'transferedAmount': '0.00082205', 'serviceChargeAmount': '0.00001644', 'operateTime': 1727047811000, 'transId': 192935173592, 'targetAsset': 'BNB'}]",ETH,0.0000902,0.00039589,0.00000791,BNB
1727047811000,0.00002435,0.00121794,192935173592,"[{'fromAsset': 'ETH', 'amount': '0.0000902', 'transferedAmount': '0.00039589', 'serviceChargeAmount': '0.00000791', 'operateTime': 1727047811000, 'transId': 192935173592, 'targetAsset': 'BNB'}, {'fromAsset': 'BTC', 'amount': '0.0000076', 'transferedAmount': '0.00082205', 'serviceChargeAmount': '0.00001644', 'operateTime': 1727047811000, 'transId': 192935173592, 'targetAsset': 'BNB'}]",BTC,0.0000076,0.00082205,0.00001644,BNB
1767680621000,0.00000189,0.00009465,340411166014,"[{'fromAsset': 'USDC', 'amount': '0.08570702', 'transferedAmount': '0.00009465', 'serviceChargeAmount': '0.00000189', 'operateTime': 1767680621000, 'transId': 340411166014, 'targetAsset': 'BNB'}]",USDC,0.08570702,0.00009465,0.00000189,BNB
1735802010000,0.00000017,0.00000885,229548328247,"[{'fromAsset': 'AXL', 'amount': '0.00916', 'transferedAmount': '0.00000885', 'serviceChargeAmount': '0.00000017', 'operateTime': 1735802010000, 'transId': 229548328247, 'targetAsset': 'BNB'}]",AXL,0.00916,0.00000885,0.00000017,BNB
1734311666000,0.00000124,0.00006235,224258195401,"[{'fromAsset': 'ZEN', 'amount': '0.00293', 'transferedAmount': '0.00006235', 'serviceChargeAmount': '0.00000124', 'operateTime': 1734311666000, 'transId': 224258195401, 'targetAsset': 'BNB'}]",ZEN,0.00293,0.00006235,0.00000124,BNB
1733330794000,0.00001064,0.00053244,219207390237,"[{'fromAsset': 'VIC', 'amount': '0.00417', 'transferedAmount': '0.00000288', 'serviceChargeAmount': '0.00000005', 'operateTime': 1733330794000, 'transId': 219207390237, 'targetAsset': 'BNB'}, {'fromAsset': 'XLM', 'amount': '0.804', 'transferedAmount': '0.00052956', 'serviceChargeAmount': '0.00001059', 'operateTime': 1733330794000, 'transId': 219207390237, 'targetAsset': 'BNB'}]",VIC,0.00417,0.00000288,0.00000005,BNB
1733330794000,0.00001064,0.00053244,219207390237,"[{'fromAsset': 'VIC', 'amount': '0.00417', 'transferedAmount': '0.00000288', 'serviceChargeAmount': '0.00000005', 'operateTime': 1733330794000, 'transId': 219207390237, 'targetAsset': 'BNB'}, {'fromAsset': 'XLM', 'amount': '0.804', 'transferedAmount': '0.00052956', 'serviceChargeAmount': '0.00001059', 'operateTime': 1733330794000, 'transId': 219207390237, 'targetAsset': 'BNB'}]",XLM,0.804,0.00052956,0.00001059,BNB
1726909191000,0.00001987,0.00099395,192730251800,"[{'fromAsset': 'SOL', 'amount': '0.000702', 'transferedAmount': '0.00017625', 'serviceChargeAmount': '0.00000352', 'operateTime': 1726909191000, 'transId': 192730251800, 'targetAsset': 'BNB'}, {'fromAsset': 'BTC', 'amount': '0.0000076', 'transferedAmount': '0.0008177', 'serviceChargeAmount': '0.00001635', 'operateTime': 1726909191000, 'transId': 192730251800, 'targetAsset': 'BNB'}]",SOL,0.000702,0.00017625,0.00000352,BNB
1726909191000,0.00001987,0.00099395,192730251800,"[{'fromAsset': 'SOL', 'amount': '0.000702', 'transferedAmount': '0.00017625', 'serviceChargeAmount': '0.00000352', 'operateTime': 1726909191000, 'transId': 192730251800, 'targetAsset': 'BNB'}, {'fromAsset': 'BTC', 'amount': '0.0000076', 'transferedAmount': '0.0008177', 'serviceChargeAmount': '0.00001635', 'operateTime': 1726909191000, 'transId': 192730251800, 'targetAsset': 'BNB'}]",BTC,0.0000076,0.0008177,0.00001635,BNB
1728693835000,0.00001823,0.00091179,202214661548,"[{'fromAsset': 'BTC', 'amount': '0.00000836', 'transferedAmount': '0.00091179', 'serviceChargeAmount': '0.00001823', 'operateTime': 1728693835000, 'transId': 202214661548, 'targetAsset': 'BNB'}]",BTC,0.00000836,0.00091179,0.00001823,BNB
1734953556000,0.00000485,0.0002431,227190802106,"[{'fromAsset': 'HMSTR', 'amount': '0.56', 'transferedAmount': '0.00000224', 'serviceChargeAmount': '0.00000004', 'operateTime': 1734953556000, 'transId': 227190802106, 'targetAsset': 'BNB'}, {'fromAsset': 'ZEN', 'amount': '0.00547', 'transferedAmount': '0.00024086', 'serviceChargeAmount': '0.00000481', 'operateTime': 1734953556000, 'transId': 227190802106, 'targetAsset': 'BNB'}]",HMSTR,0.56,0.00000224,0.00000004,BNB
1734953556000,0.00000485,0.0002431,227190802106,"[{'fromAsset': 'HMSTR', 'amount': '0.56', 'transferedAmount': '0.00000224', 'serviceChargeAmount': '0.00000004', 'operateTime': 1734953556000, 'transId': 227190802106, 'targetAsset': 'BNB'}, {'fromAsset': 'ZEN', 'amount': '0.00547', 'transferedAmount': '0.00024086', 'serviceChargeAmount': '0.00000481', 'operateTime': 1734953556000, 'transId': 227190802106, 'targetAsset': 'BNB'}]",ZEN,0.00547,0.00024086,0.00000481,BNB
1736323891000,0.00000029,0.00001456,230971862202,"[{'fromAsset': 'BIO', 'amount': '0.01752065', 'transferedAmount': '0.00001456', 'serviceChargeAmount': '0.00000029', 'operateTime': 1736323891000, 'transId': 230971862202, 'targetAsset': 'BNB'}]",BIO,0.01752065,0.00001456,0.00000029,BNB
1734390854000,0.00003483,0.00174273,224590550116,"[{'fromAsset': 'VANA', 'amount': '0.00046103', 'transferedAmount': '0.00002195', 'serviceChargeAmount': '0.00000043', 'operateTime': 1734390854000, 'transId': 224590550116, 'targetAsset': 'BNB'}, {'fromAsset': 'FTM', 'amount': '0.892', 'transferedAmount': '0.0017143', 'serviceChargeAmount': '0.00003428', 'operateTime': 1734390854000, 'transId': 224590550116, 'targetAsset': 'BNB'}, {'fromAsset': 'USDT', 'amount': '0.00468886', 'transferedAmount': '0.00000648', 'serviceChargeAmount': '0.00000012', 'operateTime': 1734390854000, 'transId': 224590550116, 'targetAsset': 'BNB'}]",VANA,0.00046103,0.00002195,0.00000043,BNB
1734390854000,0.00003483,0.00174273,224590550116,"[{'fromAsset': 'VANA', 'amount': '0.00046103', 'transferedAmount': '0.00002195', 'serviceChargeAmount': '0.00000043', 'operateTime': 1734390854000, 'transId': 224590550116, 'targetAsset': 'BNB'}, {'fromAsset': 'FTM', 'amount': '0.892', 'transferedAmount': '0.0017143', 'serviceChargeAmount': '0.00003428', 'operateTime': 1734390854000, 'transId': 224590550116, 'targetAsset': 'BNB'}, {'fromAsset': 'USDT', 'amount': '0.00468886', 'transferedAmount': '0.00000648', 'serviceChargeAmount': '0.00000012', 'operateTime': 1734390854000, 'transId': 224590550116, 'targetAsset': 'BNB'}]",FTM,0.892,0.0017143,0.00003428,BNB
1734390854000,0.00003483,0.00174273,224590550116,"[{'fromAsset': 'VANA', 'amount': '0.00046103', 'transferedAmount': '0.00002195', 'serviceChargeAmount': '0.00000043', 'operateTime': 1734390854000, 'transId': 224590550116, 'targetAsset': 'BNB'}, {'fromAsset': 'FTM', 'amount': '0.892', 'transferedAmount': '0.0017143', 'serviceChargeAmount': '0.00003428', 'operateTime': 1734390854000, 'transId': 224590550116, 'targetAsset': 'BNB'}, {'fromAsset': 'USDT', 'amount': '0.00468886', 'transferedAmount': '0.00000648', 'serviceChargeAmount': '0.00000012', 'operateTime': 1734390854000, 'transId': 224590550116, 'targetAsset': 'BNB'}]",USDT,0.00468886,0.00000648,0.00000012,BNB
1727446850000,0.00000372,0.00018616,193883115147,"[{'fromAsset': 'ETH', 'amount': '0.0000425', 'transferedAmount': '0.00018616', 'serviceChargeAmount': '0.00000372', 'operateTime': 1727446850000, 'transId': 193883115147, 'targetAsset': 'BNB'}]",ETH,0.0000425,0.00018616,0.00000372,BNB
1734559099000,0.00000028,0.00001478,225344235408,"[{'fromAsset': '1000CAT', 'amount': '0.0813563', 'transferedAmount': '0.0000048', 'serviceChargeAmount': '0.00000009', 'operateTime': 1734559099000, 'transId': 225344235408, 'targetAsset': 'BNB'}, {'fromAsset': 'PENGU', 'amount': '0.18980593', 'transferedAmount': '0.00000998', 'serviceChargeAmount': '0.00000019', 'operateTime': 1734559099000, 'transId': 225344235408, 'targetAsset': 'BNB'}]",1000CAT,0.0813563,0.0000048,0.00000009,BNB
1734559099000,0.00000028,0.00001478,225344235408,"[{'fromAsset': '1000CAT', 'amount': '0.0813563', 'transferedAmount': '0.0000048', 'serviceChargeAmount': '0.00000009', 'operateTime': 1734559099000, 'transId': 225344235408, 'targetAsset': 'BNB'}, {'fromAsset': 'PENGU', 'amount': '0.18980593', 'transferedAmount': '0.00000998', 'serviceChargeAmount': '0.00000019', 'operateTime': 1734559099000, 'transId': 225344235408, 'targetAsset': 'BNB'}]",PENGU,0.18980593,0.00000998,0.00000019,BNB
1727171640000,0.00002029,0.00101473,193182190804,"[{'fromAsset': 'BTC', 'amount': '0.00000963', 'transferedAmount': '0.00101473', 'serviceChargeAmount': '0.00002029', 'operateTime': 1727171640000, 'transId': 193182190804, 'targetAsset': 'BNB'}]",BTC,0.00000963,0.00101473,0.00002029,BNB
1725643385000,0.00000004,0.00000203,190748923601,"[{'fromAsset': 'USDT', 'amount': '0.001', 'transferedAmount': '0.00000203', 'serviceChargeAmount': '0.00000004', 'operateTime': 1725643385000, 'transId': 190748923601, 'targetAsset': 'BNB'}]",USDT,0.001,0.00000203,0.00000004,BNB
1725585931000,0.00000418,0.00020942,190618664084,"[{'fromAsset': 'STRAX', 'amount': '2.4', 'transferedAmount': '0.00020942', 'serviceChargeAmount': '0.00000418', 'operateTime': 1725585931000, 'transId': 190618664084, 'targetAsset': 'BNB'}]",STRAX,2.4,0.00020942,0.00000418,BNB
1749958765000,0.00001755,0.00087797,269048146112,"[{'fromAsset': 'USDT', 'amount': '0.02377', 'transferedAmount': '0.00003669', 'serviceChargeAmount': '0.00000073', 'operateTime': 1749958765000, 'transId': 269048146112, 'targetAsset': 'BNB'}, {'fromAsset': 'USDC', 'amount': '0.54529832', 'transferedAmount': '0.00084128', 'serviceChargeAmount': '0.00001682', 'operateTime': 1749958765000, 'transId': 269048146112, 'targetAsset': 'BNB'}]",USDT,0.02377,0.00003669,0.00000073,BNB
1749958765000,0.00001755,0.00087797,269048146112,"[{'fromAsset': 'USDT', 'amount': '0.02377', 'transferedAmount': '0.00003669', 'serviceChargeAmount': '0.00000073', 'operateTime': 1749958765000, 'transId': 269048146112, 'targetAsset': 'BNB'}, {'fromAsset': 'USDC', 'amount': '0.54529832', 'transferedAmount': '0.00084128', 'serviceChargeAmount': '0.00001682', 'operateTime': 1749958765000, 'transId': 269048146112, 'targetAsset': 'BNB'}]",USDC,0.54529832,0.00084128,0.00001682,BNB
1761620016000,0.0000113,0.00056521,316741492086,"[{'fromAsset': 'SOL', 'amount': '0.00319665', 'transferedAmount': '0.00056521', 'serviceChargeAmount': '0.0000113', 'operateTime': 1761620016000, 'transId': 316741492086, 'targetAsset': 'BNB'}]",SOL,0.00319665,0.00056521,0.0000113,BNB
1734143152000,0.00000469,0.00023497,223704380889,"[{'fromAsset': 'CHR', 'amount': '0.496', 'transferedAmount': '0.00023497', 'serviceChargeAmount': '0.00000469', 'operateTime': 1734143152000, 'transId': 223704380889, 'targetAsset': 'BNB'}]",CHR,0.496,0.00023497,0.00000469,BNB
