asset,free,locked,date
BTC,0.00000000,0.00000000,2026-02-22
LTC,0.00000000,0.00000000,2026-02-22
ETH,0.00000000,0.00000000,2026-02-22
NEO,0.00000000,0.00000000,2026-02-22
BNB,0.00000000,0.00000000,2026-02-22
QTUM,0.00000000,0.00000000,2026-02-22
EOS,0.00000000,0.00000000,2026-02-22
SNT,0.00000000,0.00000000,2026-02-22
BNT,0.00000000,0.00000000,2026-02-22
GAS,0.00000000,0.00000000,2026-02-22
BCC,0.00000000,0.00000000,2026-02-22
USDT,0.00000000,0.00000000,2026-02-22
HSR,0.00000000,0.00000000,2026-02-22
OAX,0.00000000,0.00000000,2026-02-22
DNT,0.00000000,0.00000000,2026-02-22
MCO,0.00000000,0.00000000,2026-02-22
ICN,0.00000000,0.00000000,2026-02-22
ZRX,0.00000000,0.00000000,2026-02-22
OMG,0.00000000,0.00000000,2026-02-22
WTC,0.00000000,0.00000000,2026-02-22
YOYO,0.00000000,0.00000000,2026-02-22
LRC,0.00000000,0.00000000,2026-02-22
TRX,0.00000000,0.00000000,2026-02-22
SNGLS,0.00000000,0.00000000,2026-02-22
STRAT,0.00000000,0.00000000,2026-02-22
BQX,0.00000000,0.00000000,2026-02-22
FUN,0.00000000,0.00000000,2026-02-22
KNC,0.00000000,0.00000000,2026-02-22
CDT,0.00000000,0.00000000,2026-02-22
XVG,0.00000000,0.00000000,2026-02-22
IOTA,0.00000000,0.00000000,2026-02-22
SNM,0.00000000,0.00000000,2026-02-22
LINK,0.00000000,0.00000000,2026-02-22
CVC,0.00000000,0.00000000,2026-02-22
TNT,0.00000000,0.00000000,2026-02-22
REP,0.00000000,0.00000000,2026-02-22
MDA,0.00000000,0.00000000,2026-02-22
MTL,0.00000000,0.00000000,2026-02-22
SALT,0.00000000,0.00000000,2026-02-22
NULS,0.00000000,0.00000000,2026-02-22
SUB,0.00000000,0.00000000,2026-02-22
STX,0.00000000,0.00000000,2026-02-22
MTH,0.00000000,0.00000000,2026-02-22
ADX,0.00000000,0.00000000,2026-02-22
ETC,0.00000000,0.00000000,2026-02-22
ENG,0.00000000,0.00000000,2026-02-22
ZEC,0.00000000,0.00000000,2026-02-22
AST,0.00000000,0.00000000,2026-02-22
GNT,0.00000000,0.00000000,2026-02-22
DGD,0.00000000,0.00000000,2026-02-22
BAT,0.00000000,0.00000000,2026-02-22
DASH,0.00000000,0.00000000,2026-02-22
POWR,0.00000000,0.00000000,2026-02-22
BTG,0.00000000,0.00000000,2026-02-22
REQ,0.00000000,0.00000000,2026-02-22
XMR,0.00000000,0.00000000,2026-02-22
EVX,0.00000000,0.00000000,2026-02-22
VIB,0.00000000,0.00000000,2026-02-22
ENJ,0.00000000,0.00000000,2026-02-22
VEN,0.00000000,0.00000000,2026-02-22
ARK,0.00000000,0.00000000,2026-02-22
XRP,0.00000000,0.00000000,2026-02-22
MOD,0.00000000,0.00000000,2026-02-22
STORJ,0.00000000,0.00000000,2026-02-22
KMD,0.00000000,0.00000000,2026-02-22
RCN,0.00000000,0.00000000,2026-02-22
EDO,0.00000000,0.00000000,2026-02-22
DATA,0.00000000,0.00000000,2026-02-22
DLT,0.00000000,0.00000000,2026-02-22
MANA,0.00000000,0.00000000,2026-02-22
PPT,0.00000000,0.00000000,2026-02-22
RDN,0.00000000,0.00000000,2026-02-22
GXS,0.00000000,0.00000000,2026-02-22
AMB,0.00000000,0.00000000,2026-02-22
ARN,0.00000000,0.00000000,2026-02-22
BCPT,0.00000000,0.00000000,2026-02-22
CND,0.00000000,0.00000000,2026-02-22
GVT,0.00000000,0.00000000,2026-02-22
POE,0.00000000,0.00000000,2026-02-22
BTS,0.00000000,0.00000000,2026-02-22
FUEL,0.00000000,0.00000000,2026-02-22
XZC,0.00000000,0.00000000,2026-02-22
QSP,0.00000000,0.00000000,2026-02-22
LSK,0.00000000,0.00000000,2026-02-22
BCD,0.00000000,0.00000000,2026-02-22
TNB,0.00000000,0.00000000,2026-02-22
ADA,0.00000000,0.00000000,2026-02-22
LEND,0.00000000,0.00000000,2026-02-22
XLM,0.00000000,0.00000000,2026-02-22
CMT,0.00000000,0.00000000,2026-02-22
WAVES,0.00000000,0.00000000,2026-02-22
WABI,0.00000000,0.00000000,2026-02-22
GTO,0.00000000,0.00000000,2026-02-22
ICX,0.00000000,0.00000000,2026-02-22
OST,0.00000000,0.00000000,2026-02-22
ELF,0.00000000,0.00000000,2026-02-22
AION,0.00000000,0.00000000,2026-02-22
WINGS,0.00000000,0.00000000,2026-02-22
BRD,0.00000000,0.00000000,2026-02-22
NEBL,0.00000000,0.00000000,2026-02-22
NAV,0.00000000,0.00000000,2026-02-22
VIBE,0.00000000,0.00000000,2026-02-22
LUN,0.00000000,0.00000000,2026-02-22
TRIG,0.00000000,0.00000000,2026-02-22
APPC,0.00000000,0.00000000,2026-02-22
CHAT,0.00000000,0.00000000,2026-02-22
RLC,0.00000000,0.00000000,2026-02-22
INS,0.00000000,0.00000000,2026-02-22
PIVX,0.00000000,0.00000000,2026-02-22
IOST,0.00000000,0.00000000,2026-02-22
STEEM,0.00000000,0.00000000,2026-02-22
NANO,0.00000000,0.00000000,2026-02-22
AE,0.00000000,0.00000000,2026-02-22
VIA,0.00000000,0.00000000,2026-02-22
BLZ,0.00000000,0.00000000,2026-02-22
SYS,0.00000000,0.00000000,2026-02-22
RPX,0.00000000,0.00000000,2026-02-22
NCASH,0.00000000,0.00000000,2026-02-22
POA,0.00000000,0.00000000,2026-02-22
ONT,0.00000000,0.00000000,2026-02-22
ZIL,0.00000000,0.00000000,2026-02-22
STORM,0.00000000,0.00000000,2026-02-22
XEM,0.00000000,0.00000000,2026-02-22
WAN,0.00000000,0.00000000,2026-02-22
WPR,0.00000000,0.00000000,2026-02-22
QLC,0.00000000,0.00000000,2026-02-22
GRS,0.00000000,0.00000000,2026-02-22
CLOAK,0.00000000,0.00000000,2026-02-22
LOOM,0.00000000,0.00000000,2026-02-22
BCN,0.00000000,0.00000000,2026-02-22
TUSD,0.00000000,0.00000000,2026-02-22
ZEN,0.00000000,0.00000000,2026-02-22
SKYCOIN,0.00000000,0.00000000,2026-02-22
THETA,0.00000000,0.00000000,2026-02-22
IOTX,0.00000000,0.00000000,2026-02-22
QKC,0.00000000,0.00000000,2026-02-22
AGI,0.00000000,0.00000000,2026-02-22
NXS,0.00000000,0.00000000,2026-02-22
SC,0.00000000,0.00000000,2026-02-22
NPXS,0.00000000,0.00000000,2026-02-22
KEY,0.00000000,0.00000000,2026-02-22
NAS,0.00000000,0.00000000,2026-02-22
MFT,0.00000000,0.00000000,2026-02-22
DENT,0.00000000,0.00000000,2026-02-22
IQ,0.00000000,0.00000000,2026-02-22
ARDR,0.00000000,0.00000000,2026-02-22
HOT,0.00000000,0.00000000,2026-02-22
VET,0.00000000,0.00000000,2026-02-22
DOCK,0.00000000,0.00000000,2026-02-22
POLY,0.00000000,0.00000000,2026-02-22
VTHO,0.00000000,0.00000000,2026-02-22
ONG,0.00000000,0.00000000,2026-02-22
PHX,0.00000000,0.00000000,2026-02-22
HC,0.00000000,0.00000000,2026-02-22
GO,0.00000000,0.00000000,2026-02-22
PAX,0.00000000,0.00000000,2026-02-22
RVN,0.00000000,0.00000000,2026-02-22
DCR,0.00000000,0.00000000,2026-02-22
USDC,0.00000000,0.00000000,2026-02-22
MITH,0.00000000,0.00000000,2026-02-22
BCHABC,0.00000000,0.00000000,2026-02-22
BCHSV,0.00000000,0.00000000,2026-02-22
REN,0.00000000,0.00000000,2026-02-22
BTT,0.00000000,0.00000000,2026-02-22
USDS,0.00000000,0.00000000,2026-02-22
FET,0.00000000,0.00000000,2026-02-22
TFUEL,0.00000000,0.00000000,2026-02-22
CELR,0.00000000,0.00000000,2026-02-22
MATIC,0.00000000,0.00000000,2026-02-22
ATOM,0.00000000,0.00000000,2026-02-22
PHB,0.00000000,0.00000000,2026-02-22
ONE,0.00000000,0.00000000,2026-02-22
FTM,0.00000000,0.00000000,2026-02-22
BTCB,0.00000000,0.00000000,2026-02-22
USDSB,0.00000000,0.00000000,2026-02-22
CHZ,0.00000000,0.00000000,2026-02-22
COS,0.00000000,0.00000000,2026-02-22
ALGO,0.00000000,0.00000000,2026-02-22
ERD,0.00000000,0.00000000,2026-02-22
DOGE,0.00000000,0.00000000,2026-02-22
BGBP,0.00000000,0.00000000,2026-02-22
DUSK,0.00000000,0.00000000,2026-02-22
ANKR,0.00000000,0.00000000,2026-02-22
WIN,0.00000000,0.00000000,2026-02-22
TUSDB,0.00000000,0.00000000,2026-02-22
COCOS,0.00000000,0.00000000,2026-02-22
PERL,0.00000000,0.00000000,2026-02-22
TOMO,0.00000000,0.00000000,2026-02-22
BUSD,0.00000000,0.00000000,2026-02-22
BAND,0.00000000,0.00000000,2026-02-22
BEAM,0.00000000,0.00000000,2026-02-22
HBAR,0.00000000,0.00000000,2026-02-22
XTZ,0.00000000,0.00000000,2026-02-22
NGN,0.00000000,0.00000000,2026-02-22
DGB,0.00000000,0.00000000,2026-02-22
NKN,0.00000000,0.00000000,2026-02-22
GBP,0.00000000,0.00000000,2026-02-22
EUR,0.00000000,0.00000000,2026-02-22
KAVA,0.00000000,0.00000000,2026-02-22
RUB,0.00000000,0.00000000,2026-02-22
LDUSDT,14.63339345,0.00000000,2026-02-22
UAH,0.00000000,0.00000000,2026-02-22
ARPA,0.00000000,0.00000000,2026-02-22
TRY,0.00000000,0.00000000,2026-02-22
CTXC,0.00000000,0.00000000,2026-02-22
USD,0.00000000,0.00000000,2026-02-22
AERGO,0.00000000,0.00000000,2026-02-22
BCH,0.00000000,0.00000000,2026-02-22
TROY,0.00000000,0.00000000,2026-02-22
IDR,0.00,0.00,2026-02-22
COP,0.00000000,0.00000000,2026-02-22
MXN,0.00000000,0.00000000,2026-02-22
ARS,0.00000000,0.00000000,2026-02-22
BRL,0.00000000,0.00000000,2026-02-22
VITE,0.00000000,0.00000000,2026-02-22
FTT,0.00000000,0.00000000,2026-02-22
PLN,0.00000000,0.00000000,2026-02-22
CZK,0.00000000,0.00000000,2026-02-22
RON,0.00000000,0.00000000,2026-02-22
AUD,0.00000000,0.00000000,2026-02-22
OGN,0.00000000,0.00000000,2026-02-22
DREP,0.00000000,0.00000000,2026-02-22
BULL,0.00000000,0.00000000,2026-02-22
BEAR,0.00000000,0.00000000,2026-02-22
ETHBULL,0.00000000,0.00000000,2026-02-22
ETHBEAR,0.00000000,0.00000000,2026-02-22
XRPBULL,0.00000000,0.00000000,2026-02-22
XRPBEAR,0.00000000,0.00000000,2026-02-22
EOSBULL,0.00000000,0.00000000,2026-02-22
EOSBEAR,0.00000000,0.00000000,2026-02-22
JPY,0.00000000,0.00000000,2026-02-22
TCT,0.00000000,0.00000000,2026-02-22
WRX,0.00000000,0.00000000,2026-02-22
LTO,0.00000000,0.00000000,2026-02-22
ZAR,0.00000000,0.00000000,2026-02-22
MBL,0.00000000,0.00000000,2026-02-22
COTI,0.00000000,0.00000000,2026-02-22
BKRW,0.00000000,0.00000000,2026-02-22
BNBBULL,0.00000000,0.00000000,2026-02-22
BNBBEAR,0.00000000,0.00000000,2026-02-22
HIVE,0.00000000,0.00000000,2026-02-22
STPT,0.00000000,0.00000000,2026-02-22
SOL,0.00000000,0.00000000,2026-02-22
IDRT,0.00,0.00,2026-02-22
CTSI,0.00000000,0.00000000,2026-02-22
CHR,0.00000000,0.00000000,2026-02-22
BTCUP,0.00000000,0.00000000,2026-02-22
BTCDOWN,0.00000000,0.00000000,2026-02-22
HNT,0.00000000,0.00000000,2026-02-22
JST,0.00000000,0.00000000,2026-02-22
FIO,0.00000000,0.00000000,2026-02-22
BIDR,0.00,0.00,2026-02-22
STMX,0.00000000,0.00000000,2026-02-22
MDT,0.00000000,0.00000000,2026-02-22
PNT,0.00000000,0.00000000,2026-02-22
COMP,0.00000000,0.00000000,2026-02-22
IRIS,0.00000000,0.00000000,2026-02-22
MKR,0.00000000,0.00000000,2026-02-22
SXP,0.00000000,0.00000000,2026-02-22
SNX,0.00000000,0.00000000,2026-02-22
DAI,0.00000000,0.00000000,2026-02-22
ETHUP,0.00000000,0.00000000,2026-02-22
ETHDOWN,0.00000000,0.00000000,2026-02-22
ADAUP,0.00000000,0.00000000,2026-02-22
ADADOWN,0.00000000,0.00000000,2026-02-22
LINKUP,0.00000000,0.00000000,2026-02-22
LINKDOWN,0.00000000,0.00000000,2026-02-22
DOT,0.00000000,0.00000000,2026-02-22
RUNE,0.00000000,0.00000000,2026-02-22
BNBUP,0.00000000,0.00000000,2026-02-22
BNBDOWN,0.00000000,0.00000000,2026-02-22
XTZUP,0.00000000,0.00000000,2026-02-22
XTZDOWN,0.00000000,0.00000000,2026-02-22
AVA,0.00000000,0.00000000,2026-02-22
BAL,0.00000000,0.00000000,2026-02-22
YFI,0.00000000,0.00000000,2026-02-22
SRM,0.00000000,0.00000000,2026-02-22
ANT,0.00000000,0.00000000,2026-02-22
CRV,0.00000000,0.00000000,2026-02-22
SAND,0.00000000,0.00000000,2026-02-22
OCEAN,0.00000000,0.00000000,2026-02-22
NMR,0.00000000,0.00000000,2026-02-22
LUNA,0.00000000,0.00000000,2026-02-22
IDEX,0.00000000,0.00000000,2026-02-22
RSR,0.00000000,0.00000000,2026-02-22
PAXG,0.00000000,0.00000000,2026-02-22
WNXM,0.00000000,0.00000000,2026-02-22
TRB,0.00000000,0.00000000,2026-02-22
EGLD,0.00000000,0.00000000,2026-02-22
BZRX,0.00000000,0.00000000,2026-02-22
WBTC,0.00000000,0.00000000,2026-02-22
KSM,0.00000000,0.00000000,2026-02-22
SUSHI,0.00000000,0.00000000,2026-02-22
YFII,0.00000000,0.00000000,2026-02-22
DIA,0.00000000,0.00000000,2026-02-22
BEL,0.00000000,0.00000000,2026-02-22
UMA,0.00000000,0.00000000,2026-02-22
EOSUP,0.00000000,0.00000000,2026-02-22
TRXUP,0.00000000,0.00000000,2026-02-22
EOSDOWN,0.00000000,0.00000000,2026-02-22
TRXDOWN,0.00000000,0.00000000,2026-02-22
XRPUP,0.00000000,0.00000000,2026-02-22
XRPDOWN,0.00000000,0.00000000,2026-02-22
DOTUP,0.00000000,0.00000000,2026-02-22
DOTDOWN,0.00000000,0.00000000,2026-02-22
NBS,0.00000000,0.00000000,2026-02-22
WING,0.00000000,0.00000000,2026-02-22
SWRV,0.00000000,0.00000000,2026-02-22
LTCUP,0.00000000,0.00000000,2026-02-22
LTCDOWN,0.00000000,0.00000000,2026-02-22
CREAM,0.00000000,0.00000000,2026-02-22
UNI,0.00000000,0.00000000,2026-02-22
OXT,0.00000000,0.00000000,2026-02-22
SUN,0.00000000,0.00000000,2026-02-22
AVAX,0.00000000,0.00000000,2026-02-22
BURGER,0.00000000,0.00000000,2026-02-22
BAKE,0.00000000,0.00000000,2026-02-22
FLM,0.00000000,0.00000000,2026-02-22
SCRT,0.00000000,0.00000000,2026-02-22
XVS,0.00000000,0.00000000,2026-02-22
CAKE,0.00000000,0.00000000,2026-02-22
SPARTA,0.00000000,0.00000000,2026-02-22
UNIUP,0.00000000,0.00000000,2026-02-22
UNIDOWN,0.00000000,0.00000000,2026-02-22
ALPHA,0.00000000,0.00000000,2026-02-22
ORN,0.00000000,0.00000000,2026-02-22
UTK,0.00000000,0.00000000,2026-02-22
NEAR,0.00000000,0.00000000,2026-02-22
VIDT,0.00000000,0.00000000,2026-02-22
AAVE,0.00000000,0.00000000,2026-02-22
FIL,0.00000000,0.00000000,2026-02-22
SXPUP,0.00000000,0.00000000,2026-02-22
SXPDOWN,0.00000000,0.00000000,2026-02-22
INJ,0.00000000,0.00000000,2026-02-22
FILDOWN,0.00000000,0.00000000,2026-02-22
FILUP,0.00000000,0.00000000,2026-02-22
YFIUP,0.00000000,0.00000000,2026-02-22
YFIDOWN,0.00000000,0.00000000,2026-02-22
CTK,0.00000000,0.00000000,2026-02-22
EASY,0.00000000,0.00000000,2026-02-22
AUDIO,0.00000000,0.00000000,2026-02-22
BCHUP,0.00000000,0.00000000,2026-02-22
BCHDOWN,0.00000000,0.00000000,2026-02-22
BOT,0.00000000,0.00000000,2026-02-22
AXS,0.00000000,0.00000000,2026-02-22
AKRO,0.00000000,0.00000000,2026-02-22
HARD,0.00000000,0.00000000,2026-02-22
KP3R,0.00000000,0.00000000,2026-02-22
RENBTC,0.00000000,0.00000000,2026-02-22
SLP,0.00000000,0.00000000,2026-02-22
STRAX,0.00000000,0.00000000,2026-02-22
UNFI,0.00000000,0.00000000,2026-02-22
CVP,0.00000000,0.00000000,2026-02-22
BCHA,0.00000000,0.00000000,2026-02-22
FOR,0.00000000,0.00000000,2026-02-22
FRONT,0.00000000,0.00000000,2026-02-22
ROSE,0.00000000,0.00000000,2026-02-22
MDX,0.00000000,0.00000000,2026-02-22
HEGIC,0.00000000,0.00000000,2026-02-22
AAVEUP,0.00000000,0.00000000,2026-02-22
AAVEDOWN,0.00000000,0.00000000,2026-02-22
PROM,0.00000000,0.00000000,2026-02-22
BETH,0.00000000,0.00000000,2026-02-22
SKL,0.00000000,0.00000000,2026-02-22
GLM,0.00000000,0.00000000,2026-02-22
SUSD,0.00000000,0.00000000,2026-02-22
COVER,0.00000000,0.00000000,2026-02-22
GHST,0.00000000,0.00000000,2026-02-22
SUSHIUP,0.00000000,0.00000000,2026-02-22
SUSHIDOWN,0.00000000,0.00000000,2026-02-22
XLMUP,0.00000000,0.00000000,2026-02-22
XLMDOWN,0.00000000,0.00000000,2026-02-22
DF,0.00000000,0.00000000,2026-02-22
JUV,0.00000000,0.00000000,2026-02-22
PSG,0.00000000,0.00000000,2026-02-22
BVND,0.00,0.00,2026-02-22
GRT,0.00000000,0.00000000,2026-02-22
CELO,0.00000000,0.00000000,2026-02-22
TWT,0.00000000,0.00000000,2026-02-22
REEF,0.00000000,0.00000000,2026-02-22
OG,0.00000000,0.00000000,2026-02-22
ATM,0.00000000,0.00000000,2026-02-22
ASR,0.00000000,0.00000000,2026-02-22
1INCH,0.00000000,0.00000000,2026-02-22
RIF,0.00000000,0.00000000,2026-02-22
BTCST,0.00000000,0.00000000,2026-02-22
TRU,0.00000000,0.00000000,2026-02-22
DEXE,0.00000000,0.00000000,2026-02-22
CKB,0.00000000,0.00000000,2026-02-22
FIRO,0.00000000,0.00000000,2026-02-22
LIT,0.00000000,0.00000000,2026-02-22
PROS,0.00000000,0.00000000,2026-02-22
VAI,0.00000000,0.00000000,2026-02-22
SFP,0.00000000,0.00000000,2026-02-22
FXS,0.00000000,0.00000000,2026-02-22
DODO,0.00000000,0.00000000,2026-02-22
AUCTION,0.00000000,0.00000000,2026-02-22
UFT,0.00000000,0.00000000,2026-02-22
ACM,0.00000000,0.00000000,2026-02-22
PHA,0.00000000,0.00000000,2026-02-22
TVK,0.00000000,0.00000000,2026-02-22
BADGER,0.00000000,0.00000000,2026-02-22
FIS,0.00000000,0.00000000,2026-02-22
QI,0.00000000,0.00000000,2026-02-22
OM,0.00000000,0.00000000,2026-02-22
POND,0.00000000,0.00000000,2026-02-22
ALICE,0.00000000,0.00000000,2026-02-22
DEGO,0.00000000,0.00000000,2026-02-22
BIFI,0.00000000,0.00000000,2026-02-22
LINA,0.00000000,0.00000000,2026-02-22
PERP,0.00000000,0.00000000,2026-02-22
RAMP,0.00000000,0.00000000,2026-02-22
SUPER,0.00000000,0.00000000,2026-02-22
CFX,0.00000000,0.00000000,2026-02-22
TKO,0.00000000,0.00000000,2026-02-22
AUTO,0.00000000,0.00000000,2026-02-22
EPS,0.00000000,0.00000000,2026-02-22
PUNDIX,0.00000000,0.00000000,2026-02-22
TLM,0.00000000,0.00000000,2026-02-22
1INCHUP,0.00000000,0.00000000,2026-02-22
1INCHDOWN,0.00000000,0.00000000,2026-02-22
MIR,0.00000000,0.00000000,2026-02-22
BAR,0.00000000,0.00000000,2026-02-22
FORTH,0.00000000,0.00000000,2026-02-22
EZ,0.00000000,0.00000000,2026-02-22
AR,0.00000000,0.00000000,2026-02-22
ICP,0.00000000,0.00000000,2026-02-22
SHIB,0.00,0.00,2026-02-22
POLS,0.00000000,0.00000000,2026-02-22
MASK,0.00000000,0.00000000,2026-02-22
LPT,0.00000000,0.00000000,2026-02-22
AGIX,0.00000000,0.00000000,2026-02-22
ATA,0.00000000,0.00000000,2026-02-22
NU,0.00000000,0.00000000,2026-02-22
GTC,0.00000000,0.00000000,2026-02-22
KLAY,0.00000000,0.00000000,2026-02-22
TORN,0.00000000,0.00000000,2026-02-22
KEEP,0.00000000,0.00000000,2026-02-22
ERN,0.00000000,0.00000000,2026-02-22
BOND,0.00000000,0.00000000,2026-02-22
MLN,0.00000000,0.00000000,2026-02-22
C98,0.00000000,0.00000000,2026-02-22
FLOW,0.00000000,0.00000000,2026-02-22
QUICK,0.00000000,0.00000000,2026-02-22
RAY,0.00000000,0.00000000,2026-02-22
MINA,0.00000000,0.00000000,2026-02-22
QNT,0.00000000,0.00000000,2026-02-22
CLV,0.00000000,0.00000000,2026-02-22
XEC,0.00,0.00,2026-02-22
ALPACA,0.00000000,0.00000000,2026-02-22
FARM,0.00000000,0.00000000,2026-02-22
VGX,0.00000000,0.00000000,2026-02-22
MBOX,0.00000000,0.00000000,2026-02-22
WAXP,0.00000000,0.00000000,2026-02-22
TRIBE,0.00000000,0.00000000,2026-02-22
GNO,0.00000000,0.00000000,2026-02-22
USDP,0.00000000,0.00000000,2026-02-22
DYDX,0.00000000,0.00000000,2026-02-22
GALA,0.00000000,0.00000000,2026-02-22
ILV,0.00000000,0.00000000,2026-02-22
YGG,0.00000000,0.00000000,2026-02-22
FIDA,0.00000000,0.00000000,2026-02-22
AGLD,0.00000000,0.00000000,2026-02-22
BETA,0.00000000,0.00000000,2026-02-22
RAD,0.00000000,0.00000000,2026-02-22
RARE,0.00000000,0.00000000,2026-02-22
SSV,0.00000000,0.00000000,2026-02-22
LAZIO,0.00000000,0.00000000,2026-02-22
MOVR,0.00000000,0.00000000,2026-02-22
CHESS,0.00000000,0.00000000,2026-02-22
DAR,0.00000000,0.00000000,2026-02-22
ACA,0.00000000,0.00000000,2026-02-22
ASTR,0.00000000,0.00000000,2026-02-22
BNX,0.00000000,0.00000000,2026-02-22
RGT,0.00000000,0.00000000,2026-02-22
CITY,0.00000000,0.00000000,2026-02-22
ENS,0.00000000,0.00000000,2026-02-22
PORTO,0.00000000,0.00000000,2026-02-22
JASMY,0.00000000,0.00000000,2026-02-22
AMP,0.00000000,0.00000000,2026-02-22
PLA,0.00000000,0.00000000,2026-02-22
PYR,0.00000000,0.00000000,2026-02-22
SANTOS,0.00000000,0.00000000,2026-02-22
RNDR,0.00000000,0.00000000,2026-02-22
ALCX,0.00000000,0.00000000,2026-02-22
MC,0.00000000,0.00000000,2026-02-22
ANY,0.00000000,0.00000000,2026-02-22
VOXEL,0.00000000,0.00000000,2026-02-22
BICO,0.00000000,0.00000000,2026-02-22
FLUX,0.00000000,0.00000000,2026-02-22
UST,0.00000000,0.00000000,2026-02-22
HIGH,0.00000000,0.00000000,2026-02-22
OOKI,0.00000000,0.00000000,2026-02-22
CVX,0.00000000,0.00000000,2026-02-22
PEOPLE,0.00000000,0.00000000,2026-02-22
SPELL,0.00000000,0.00000000,2026-02-22
JOE,0.00000000,0.00000000,2026-02-22
BDOT,0.00000000,0.00000000,2026-02-22
GLMR,0.00000000,0.00000000,2026-02-22
ACH,0.00000000,0.00000000,2026-02-22
IMX,0.00000000,0.00000000,2026-02-22
LOKA,0.00000000,0.00000000,2026-02-22
BTTC,0.0,0.0,2026-02-22
ANC,0.00000000,0.00000000,2026-02-22
API3,0.00000000,0.00000000,2026-02-22
XNO,0.00000000,0.00000000,2026-02-22
COW,0.00000000,0.00000000,2026-02-22
WOO,0.00000000,0.00000000,2026-02-22
ALPINE,0.00000000,0.00000000,2026-02-22
T,0.00000000,0.00000000,2026-02-22
NBT,0.00000000,0.00000000,2026-02-22
KDA,0.00000000,0.00000000,2026-02-22
APE,0.00000000,0.00000000,2026-02-22
GMT,0.00000000,0.00000000,2026-02-22
MOB,0.00000000,0.00000000,2026-02-22
BSW,0.00000000,0.00000000,2026-02-22
MULTI,0.00000000,0.00000000,2026-02-22
REI,0.00000000,0.00000000,2026-02-22
GAL,0.00000000,0.00000000,2026-02-22
NEXO,0.00000000,0.00000000,2026-02-22
EPX,0.00000000,0.00000000,2026-02-22
LDO,0.00000000,0.00000000,2026-02-22
USTC,0.00000000,0.00000000,2026-02-22
LUNC,0.00000000,0.00000000,2026-02-22
OP,0.00000000,0.00000000,2026-02-22
LEVER,0.00000000,0.00000000,2026-02-22
STG,0.00000000,0.00000000,2026-02-22
POLYX,0.00000000,0.00000000,2026-02-22
GMX,0.00000000,0.00000000,2026-02-22
APT,0.00000000,0.00000000,2026-02-22
OSMO,0.00000000,0.00000000,2026-02-22
HFT,0.00000000,0.00000000,2026-02-22
HOOK,0.00000000,0.00000000,2026-02-22
MAGIC,0.00000000,0.00000000,2026-02-22
HIFI,0.00000000,0.00000000,2026-02-22
RPL,0.00000000,0.00000000,2026-02-22
GFT,0.00000000,0.00000000,2026-02-22
GNS,0.00000000,0.00000000,2026-02-22
SYN,0.00000000,0.00000000,2026-02-22
LQTY,0.00000000,0.00000000,2026-02-22
ID,0.00000000,0.00000000,2026-02-22
ARB,0.00000000,0.00000000,2026-02-22
RDNT,0.00000000,0.00000000,2026-02-22
EDU,0.00000000,0.00000000,2026-02-22
WBETH,0.00000000,0.00000000,2026-02-22
SUI,0.00000000,0.00000000,2026-02-22
PEPE,0.00,0.00,2026-02-22
FLOKI,0.00,0.00,2026-02-22
COMBO,0.00000000,0.00000000,2026-02-22
NTRN,0.00000000,0.00000000,2026-02-22
MAV,0.00000000,0.00000000,2026-02-22
FDUSD,0.00000000,0.00000000,2026-02-22
PENDLE,0.00000000,0.00000000,2026-02-22
ARKM,0.00000000,0.00000000,2026-02-22
WLD,0.00000000,0.00000000,2026-02-22
CYBER,0.00000000,0.00000000,2026-02-22
SEI,0.00000000,0.00000000,2026-02-22
AEUR,0.00000000,0.00000000,2026-02-22
ORDI,0.00000000,0.00000000,2026-02-22
MEME,0.00000000,0.00000000,2026-02-22
TIA,0.00000000,0.00000000,2026-02-22
BEAMX,0.00000000,0.00000000,2026-02-22
VIC,0.00000000,0.00000000,2026-02-22
BLUR,0.00000000,0.00000000,2026-02-22
VANRY,0.00000000,0.00000000,2026-02-22
JTO,0.00000000,0.00000000,2026-02-22
ACE,0.00000000,0.00000000,2026-02-22
1000SATS,0.00,0.00,2026-02-22
TON,0.00000000,0.00000000,2026-02-22
BONK,0.00,0.00,2026-02-22
AXL,0.00000000,0.00000000,2026-02-22
NFP,0.00000000,0.00000000,2026-02-22
AI,0.00000000,0.00000000,2026-02-22
XAI,0.00000000,0.00000000,2026-02-22
MANTA,0.00000000,0.00000000,2026-02-22
METIS,0.00000000,0.00000000,2026-02-22
ALT,0.00000000,0.00000000,2026-02-22
RONIN,0.00000000,0.00000000,2026-02-22
JUP,0.00000000,0.00000000,2026-02-22
PYTH,0.00000000,0.00000000,2026-02-22
DYM,0.00000000,0.00000000,2026-02-22
PIXEL,0.00000000,0.00000000,2026-02-22
STRK,0.00000000,0.00000000,2026-02-22
PORTAL,0.00000000,0.00000000,2026-02-22
PDA,0.00000000,0.00000000,2026-02-22
WIF,0.00000000,0.00000000,2026-02-22
AEVO,0.00000000,0.00000000,2026-02-22
ETHFI,0.00000000,0.00000000,2026-02-22
BOME,0.00,0.00,2026-02-22
ENA,0.00000000,0.00000000,2026-02-22
W,0.00000000,0.00000000,2026-02-22
SAGA,0.00000000,0.00000000,2026-02-22
TAO,0.00000000,0.00000000,2026-02-22
TNSR,0.00000000,0.00000000,2026-02-22
OMNI,0.00000000,0.00000000,2026-02-22
BB,0.00000000,0.00000000,2026-02-22
REZ,0.00000000,0.00000000,2026-02-22
NOT,0.00,0.00,2026-02-22
LISTA,0.00000000,0.00000000,2026-02-22
IO,0.00000000,0.00000000,2026-02-22
ZK,0.00000000,0.00000000,2026-02-22
ZRO,0.00000000,0.00000000,2026-02-22
G,0.00000000,0.00000000,2026-02-22
BANANA,0.00000000,0.00000000,2026-02-22
RENDER,0.00000000,0.00000000,2026-02-22
SLF,0.00000000,0.00000000,2026-02-22
DOGS,0.00,0.00,2026-02-22
EURI,0.00000000,0.00000000,2026-02-22
ONDO,0.00000000,0.00000000,2026-02-22
BNSOL,0.00000000,0.00000000,2026-02-22
LUMIA,0.00000000,0.00000000,2026-02-22
POL,0.00000000,0.00000000,2026-02-22
HMSTR,0.00,0.00,2026-02-22
CATI,0.00000000,0.00000000,2026-02-22
NEIRO,0.00,0.00,2026-02-22
TURBO,0.00000000,0.00000000,2026-02-22
1MBABYDOGE,0.00,0.00,2026-02-22
EIGEN,0.00000000,0.00000000,2026-02-22
SCR,0.00000000,0.00000000,2026-02-22
BFUSD,0.00000000,0.00000000,2026-02-22
KAIA,0.00000000,0.00000000,2026-02-22
CETUS,0.00000000,0.00000000,2026-02-22
PNUT,0.00000000,0.00000000,2026-02-22
ACT,0.00000000,0.00000000,2026-02-22
USUAL,0.00000000,0.00000000,2026-02-22
THE,0.00000000,0.00000000,2026-02-22
ACX,0.00000000,0.00000000,2026-02-22
ORCA,0.00000000,0.00000000,2026-02-22
MOVE,0.00000000,0.00000000,2026-02-22
ME,0.00000000,0.00000000,2026-02-22
VANA,0.00000000,0.00000000,2026-02-22
VELODROME,0.00000000,0.00000000,2026-02-22
PENGU,0.00000000,0.00000000,2026-02-22
1000CAT,0.00000000,0.00000000,2026-02-22
BIO,0.00000000,0.00000000,2026-02-22
SOLV,0.00000000,0.00000000,2026-02-22
D,0.00000000,0.00000000,2026-02-22
S,0.00000000,0.00000000,2026-02-22
AIXBT,0.00000000,0.00000000,2026-02-22
CGPT,0.00000000,0.00000000,2026-02-22
COOKIE,0.00000000,0.00000000,2026-02-22
VIRTUAL,0.00000000,0.00000000,2026-02-22
TRUMP,0.00000000,0.00000000,2026-02-22
ANIME,0.00000000,0.00000000,2026-02-22
BERA,0.00000000,0.00000000,2026-02-22
HEI,0.00000000,0.00000000,2026-02-22
TST,0.00000000,0.00000000,2026-02-22
1000CHEEMS,0.00,0.00,2026-02-22
LAYER,0.00000000,0.00000000,2026-02-22
KAITO,0.00000000,0.00000000,2026-02-22
NIL,0.00000000,0.00000000,2026-02-22
RED,0.00000000,0.00000000,2026-02-22
SHELL,0.00000000,0.00000000,2026-02-22
GPS,0.00000000,0.00000000,2026-02-22
XUSD,0.00000000,0.00000000,2026-02-22
EPIC,0.00000000,0.00000000,2026-02-22
FORM,0.00000000,0.00000000,2026-02-22
BMT,0.00000000,0.00000000,2026-02-22
GUN,0.00000000,0.00000000,2026-02-22
PARTI,0.00000000,0.00000000,2026-02-22
MUBARAK,0.00000000,0.00000000,2026-02-22
BANANAS31,0.00000000,0.00000000,2026-02-22
TUT,0.00000000,0.00000000,2026-02-22
BROCCOLI714,0.00000000,0.00000000,2026-02-22
KERNEL,0.00000000,0.00000000,2026-02-22
BABY,0.00000000,0.00000000,2026-02-22
INIT,0.00000000,0.00000000,2026-02-22
WCT,0.00000000,0.00000000,2026-02-22
BIGTIME,0.00000000,0.00000000,2026-02-22
PLUME,0.00000000,0.00000000,2026-02-22
MORPHO,0.00000000,0.00000000,2026-02-22
SOPH,0.00000000,0.00000000,2026-02-22
HYPER,0.00000000,0.00000000,2026-02-22
SIGN,0.00000000,0.00000000,2026-02-22
STO,0.00000000,0.00000000,2026-02-22
SXT,0.00000000,0.00000000,2026-02-22
SYRUP,0.00000000,0.00000000,2026-02-22
KMNO,0.00000000,0.00000000,2026-02-22
USD1,0.00000000,0.00000000,2026-02-22
NXPC,0.00000000,0.00000000,2026-02-22
AWE,0.00000000,0.00000000,2026-02-22
HAEDAL,0.00000000,0.00000000,2026-02-22
HUMA,0.00000000,0.00000000,2026-02-22
A,0.00000000,0.00000000,2026-02-22
RESOLV,0.00000000,0.00000000,2026-02-22
HOME,0.00000000,0.00000000,2026-02-22
SPK,0.00000000,0.00000000,2026-02-22
NEWT,0.00000000,0.00000000,2026-02-22
SAHARA,0.00000000,0.00000000,2026-02-22
LA,0.00000000,0.00000000,2026-02-22
ERA,0.00000000,0.00000000,2026-02-22
RWUSD,8156.62679891,0.00000000,2026-02-22
C,0.00000000,0.00000000,2026-02-22
SKY,0.00000000,0.00000000,2026-02-22
A2Z,0.00000000,0.00000000,2026-02-22
SOMI,0.00000000,0.00000000,2026-02-22
TREE,0.00000000,0.00000000,2026-02-22
TOWNS,0.00000000,0.00000000,2026-02-22
PROVE,0.00000000,0.00000000,2026-02-22
MITO,0.00000000,0.00000000,2026-02-22
DOLO,0.00000000,0.00000000,2026-02-22
WLFI,0.00,0.00,2026-02-22
OPEN,0.00000000,0.00000000,2026-02-22
LINEA,0.00000000,0.00000000,2026-02-22
USDE,0.00000000,0.00000000,2026-02-22
HOLO,0.00000000,0.00000000,2026-02-22
PUMP,0.00,0.00,2026-02-22
ZKC,0.00000000,0.00000000,2026-02-22
AVNT,0.00000000,0.00000000,2026-02-22
BARD,0.00000000,0.00000000,2026-02-22
0G,0.00000000,0.00000000,2026-02-22
HEMI,0.00000000,0.00000000,2026-02-22
ASTER,0.00000000,0.00000000,2026-02-22
XPL,0.00000000,0.00000000,2026-02-22
NOM,0.00000000,0.00000000,2026-02-22
MIRA,0.00000000,0.00000000,2026-02-22
FF,0.00000000,0.00000000,2026-02-22
EDEN,0.00000000,0.00000000,2026-02-22
2Z,0.00000000,0.00000000,2026-02-22
WAL,0.00000000,0.00000000,2026-02-22
EUL,0.00000000,0.00000000,2026-02-22
ENSO,0.00000000,0.00000000,2026-02-22
YB,0.00000000,0.00000000,2026-02-22
ZBT,0.00000000,0.00000000,2026-02-22
TURTLE,0.00000000,0.00000000,2026-02-22
GIGGLE,0.00000000,0.00000000,2026-02-22
F,0.00000000,0.00000000,2026-02-22
ALLO,0.00000000,0.00000000,2026-02-22
KITE,0.00000000,0.00000000,2026-02-22
MMT,0.00000000,0.00000000,2026-02-22
SAPIEN,0.00000000,0.00000000,2026-02-22
BANK,0.00000000,0.00000000,2026-02-22
MET,0.00000000,0.00000000,2026-02-22
AT,0.00000000,0.00000000,2026-02-22
KGST,0.00000000,0.00000000,2026-02-22
FRAX,0.00000000,0.00000000,2026-02-22
BREV,0.00000000,0.00000000,2026-02-22
ZKP,0.00000000,0.00000000,2026-02-22
币安人生,0.00000000,0.00000000,2026-02-22
FOGO,0.00000000,0.00000000,2026-02-22
U,0.00000000,0.00000000,2026-02-22
RLUSD,0.00000000,0.00000000,2026-02-22
SENT,0.00000000,0.00000000,2026-02-22
ZAMA,0.00000000,0.00000000,2026-02-22
ESP,0.00000000,0.00000000,2026-02-22
