symbol,id,orderId,orderListId,price,qty,quoteQty,commission,commissionAsset,time,isBuyer,isMaker,isBestMatch
BTCUSDT,3829130573,30515184237,-1,60168.01000000,0.01564000,941.02767640,0.00001564,BTC,2024-09-18 02:25:38.178,True,False,True
BTCUSDT,3832043428,30515200969,-1,61171.99000000,0.01562000,955.50648380,0.95550648,USDT,2024-09-18 18:35:04.330,False,True,True
BTCUSDT,3837811447,30579250182,-1,63612.01000000,0.01522000,968.17479220,0.00001522,BTC,2024-09-19 18:48:21.937,True,False,True
BTCUSDT,3837842558,30579263746,-1,63620.01000000,0.01520000,967.02415200,0.96702415,USDT,2024-09-19 18:59:32.862,False,True,True
BTCUSDT,3838002722,30580754685,-1,63524.93000000,0.00030000,19.05747900,0.00002518,BNB,2024-09-19 19:48:43.350,True,False,True
BTCUSDT,3838002723,30580754685,-1,63524.93000000,0.00380000,241.39473400,0.00031903,BNB,2024-09-19 19:48:43.350,True,False,True
BTCUSDT,3838416301,30584516445,-1,62962.00000000,0.01121000,705.80402000,0.00001121,BTC,2024-09-19 23:56:29.758,True,False,True
BTCUSDT,3839041122,30584532906,-1,63950.00000000,0.01120000,716.24000000,0.71624000,USDT,2024-09-20 04:07:34.238,False,True,True
BTCUSDT,3839051826,30580770764,-1,64000.00000000,0.00410000,262.40000000,0.26240000,USDT,2024-09-20 04:08:20.279,False,True,True
BTCUSDT,3842642064,30620167471,-1,62860.01000000,0.00012000,7.54320120,0.00000012,BTC,2024-09-21 02:09:16.870,True,False,True
BTCUSDT,3842642065,30620167471,-1,62860.01000000,0.01228000,771.92092280,0.00001228,BTC,2024-09-21 02:09:16.870,True,False,True
BTCUSDT,3842949950,30623666489,-1,63028.00000000,0.01238000,780.28664000,0.78028664,USDT,2024-09-21 08:58:23.350,False,True,True
BTCUSDT,3843724673,30631722700,-1,63330.07000000,0.01240000,785.29286800,0.00001240,BTC,2024-09-22 00:16:28.500,True,False,True
BTCUSDT,3845458089,30633688109,-1,63500.01000000,0.00305000,193.67503050,0.19367503,USDT,2024-09-22 22:40:16.522,False,True,True
BTCUSDT,3845458094,30633688109,-1,63500.01000000,0.00305000,193.67503050,0.19367503,USDT,2024-09-22 22:40:16.522,False,True,True
BTCUSDT,3845458096,30633688109,-1,63500.01000000,0.00305000,193.67503050,0.19367503,USDT,2024-09-22 22:40:16.522,False,True,True
BTCUSDT,3845458097,30633688109,-1,63500.01000000,0.00305000,193.67503050,0.19367503,USDT,2024-09-22 22:40:16.522,False,True,True
BTCUSDT,3845458098,30633688109,-1,63500.01000000,0.00018000,11.43000180,0.01143000,USDT,2024-09-22 22:40:16.522,False,True,True
BTCUSDT,3845765345,30650161117,-1,63452.01000000,0.01044000,662.43898440,0.00084666,BNB,2024-09-22 23:32:00.919,True,False,True
BTCUSDT,3845769101,30650180448,-1,63480.85000000,0.01044000,662.74007400,0.66274007,USDT,2024-09-22 23:33:22.695,False,True,True
BTCUSDT,3847268463,30661050245,-1,63838.22000000,0.01037000,662.00234140,0.00001037,BTC,2024-09-23 05:46:49.842,True,False,True
BTCUSDT,3850701877,30662793280,-1,63920.97000000,0.00300000,191.76291000,0.19176291,USDT,2024-09-24 08:56:28.465,False,True,True
BTCUSDT,3850701878,30662793280,-1,63920.97000000,0.00300000,191.76291000,0.19176291,USDT,2024-09-24 08:56:28.465,False,True,True
BTCUSDT,3850701879,30662793280,-1,63920.97000000,0.00300000,191.76291000,0.19176291,USDT,2024-09-24 08:56:28.465,False,True,True
BTCUSDT,3850701880,30662793280,-1,63920.97000000,0.00135000,86.29330950,0.08629331,USDT,2024-09-24 08:56:28.465,False,True,True
BTCUSDT,3851033744,30693272591,-1,63508.40000000,0.01234000,783.69365600,0.00097308,BNB,2024-09-24 12:01:03.321,True,False,True
BTCUSDT,3851531587,30696388071,-1,63410.00000000,0.00260000,164.86600000,0.00000260,BTC,2024-09-24 14:08:31.964,True,False,True
BTCUSDT,3851553573,30696443686,-1,63513.93000000,0.00259000,164.50107870,0.16450108,USDT,2024-09-24 14:11:01.415,False,True,True
BTCUSDT,3852015298,30699269870,-1,63322.02000000,0.00260000,164.63725200,0.00000260,BTC,2024-09-24 15:09:17.459,True,False,True
BTCUSDT,3852588536,30699314723,-1,63909.99000000,0.00300000,191.72997000,0.19172997,USDT,2024-09-24 17:52:15.011,False,True,True
BTCUSDT,3852588540,30699314723,-1,63909.99000000,0.00300000,191.72997000,0.19172997,USDT,2024-09-24 17:52:15.011,False,True,True
BTCUSDT,3852588541,30699314723,-1,63909.99000000,0.00300000,191.72997000,0.19172997,USDT,2024-09-24 17:52:15.011,False,True,True
BTCUSDT,3852588542,30699314723,-1,63909.99000000,0.00300000,191.72997000,0.19172997,USDT,2024-09-24 17:52:15.011,False,True,True
BTCUSDT,3852588543,30699314723,-1,63909.99000000,0.00294000,187.89537060,0.18789537,USDT,2024-09-24 17:52:15.011,False,True,True
BTCUSDT,3852925398,30705770923,-1,64000.00000000,0.01490000,953.60000000,0.00001490,BTC,2024-09-24 19:49:37.998,True,False,True
BTCUSDT,3852933802,30705801140,-1,64066.79000000,0.01488000,953.31383520,0.95331384,USDT,2024-09-24 19:50:00.993,False,False,True
BTCUSDT,3852941601,30705841311,-1,64080.01000000,0.01486000,952.22894860,0.00001486,BTC,2024-09-24 19:50:38.537,True,False,True
BTCUSDT,3852955649,30705872408,-1,64119.90000000,0.01485000,952.18051500,0.95218052,USDT,2024-09-24 19:52:12.807,False,True,True
BTCUSDT,3852985161,30706055415,-1,64308.01000000,0.01479000,951.11546790,0.00001479,BTC,2024-09-24 19:55:02.224,True,False,True
BTCUSDT,3853062781,30706072785,-1,64402.76000000,0.01478000,951.87279280,0.95187279,USDT,2024-09-24 20:05:07.570,False,True,True
BTCUSDT,3884196075,30972998359,-1,60687.05000000,0.00164000,99.52676200,0.00000164,BTC,2024-10-03 09:49:17.858,True,False,True
BTCUSDT,3894472652,31063498712,-1,63000.31000000,0.00163000,102.69050530,0.10269051,USDT,2024-10-07 00:38:24.643,False,True,True
BTCUSDT,4223836766,33471980783,-1,99688.87000000,0.00392000,390.78037040,0.00000392,BTC,2024-12-07 18:02:42.000,True,False,True
BTCUSDT,4237688680,33567482734,-1,96371.30000000,0.00391000,376.81178300,0.37681178,USDT,2024-12-10 04:24:36.458,False,False,True
ETHUSDT,1574082485,20110122404,-1,2318.81000000,0.17420000,403.93670200,0.00054825,BNB,2024-09-15 23:52:48.597,True,False,True
ETHUSDT,1574082486,20110122404,-1,2318.81000000,0.00660000,15.30414600,0.00002076,BNB,2024-09-15 23:52:48.597,True,False,True
ETHUSDT,1574082487,20110122404,-1,2318.81000000,0.00630000,14.60850300,0.00001982,BNB,2024-09-15 23:52:48.597,True,False,True
ETHUSDT,1574082488,20110122404,-1,2318.81000000,0.21800000,505.50058000,0.00021800,ETH,2024-09-15 23:52:48.597,True,False,True
ETHUSDT,1574928181,20110370211,-1,2323.00000000,0.00160000,3.71680000,0.00371680,USDT,2024-09-16 08:23:30.811,False,True,True
ETHUSDT,1574928183,20110370211,-1,2323.00000000,0.12910000,299.89930000,0.29989930,USDT,2024-09-16 08:23:31.204,False,True,True
ETHUSDT,1574928184,20110370211,-1,2323.00000000,0.27410000,636.73430000,0.63673430,USDT,2024-09-16 08:23:31.588,False,True,True
ETHUSDT,1575416939,20124304332,-1,2286.23000000,0.41020000,937.81154600,0.00041020,ETH,2024-09-16 14:18:01.570,True,True,True
ETHUSDT,1575573884,20124399221,-1,2293.01000000,0.00240000,5.50322400,0.00550322,USDT,2024-09-16 15:22:20.555,False,True,True
ETHUSDT,1575573885,20124399221,-1,2293.01000000,0.00500000,11.46505000,0.01146505,USDT,2024-09-16 15:22:20.599,False,True,True
ETHUSDT,1575573886,20124399221,-1,2293.01000000,0.00500000,11.46505000,0.01146505,USDT,2024-09-16 15:22:20.599,False,True,True
ETHUSDT,1575573887,20124399221,-1,2293.01000000,0.00560000,12.84085600,0.01284086,USDT,2024-09-16 15:22:20.600,False,True,True
ETHUSDT,1575573888,20124399221,-1,2293.01000000,0.00560000,12.84085600,0.01284086,USDT,2024-09-16 15:22:20.600,False,True,True
ETHUSDT,1575573889,20124399221,-1,2293.01000000,0.00570000,13.07015700,0.01307016,USDT,2024-09-16 15:22:20.601,False,True,True
ETHUSDT,1575573890,20124399221,-1,2293.01000000,0.00560000,12.84085600,0.01284086,USDT,2024-09-16 15:22:20.606,False,True,True
ETHUSDT,1575573891,20124399221,-1,2293.01000000,0.00580000,13.29945800,0.01329946,USDT,2024-09-16 15:22:20.610,False,True,True
ETHUSDT,1575573892,20124399221,-1,2293.01000000,0.00530000,12.15295300,0.01215295,USDT,2024-09-16 15:22:20.611,False,True,True
ETHUSDT,1575573893,20124399221,-1,2293.01000000,0.00550000,12.61155500,0.01261156,USDT,2024-09-16 15:22:20.612,False,True,True
ETHUSDT,1575573894,20124399221,-1,2293.01000000,0.00560000,12.84085600,0.01284086,USDT,2024-09-16 15:22:20.615,False,True,True
ETHUSDT,1575573895,20124399221,-1,2293.01000000,0.00550000,12.61155500,0.01261156,USDT,2024-09-16 15:22:20.618,False,True,True
ETHUSDT,1575573896,20124399221,-1,2293.01000000,0.00550000,12.61155500,0.01261156,USDT,2024-09-16 15:22:20.619,False,True,True
ETHUSDT,1575573897,20124399221,-1,2293.01000000,0.00550000,12.61155500,0.01261156,USDT,2024-09-16 15:22:20.621,False,True,True
ETHUSDT,1575573898,20124399221,-1,2293.01000000,0.00540000,12.38225400,0.01238225,USDT,2024-09-16 15:22:20.622,False,True,True
ETHUSDT,1575573899,20124399221,-1,2293.01000000,0.00540000,12.38225400,0.01238225,USDT,2024-09-16 15:22:20.622,False,True,True
ETHUSDT,1575573900,20124399221,-1,2293.01000000,0.00560000,12.84085600,0.01284086,USDT,2024-09-16 15:22:20.623,False,True,True
ETHUSDT,1575573901,20124399221,-1,2293.01000000,0.00560000,12.84085600,0.01284086,USDT,2024-09-16 15:22:20.626,False,True,True
ETHUSDT,1575573902,20124399221,-1,2293.01000000,0.00580000,13.29945800,0.01329946,USDT,2024-09-16 15:22:20.627,False,True,True
ETHUSDT,1575573903,20124399221,-1,2293.01000000,0.00490000,11.23574900,0.01123575,USDT,2024-09-16 15:22:20.627,False,True,True
ETHUSDT,1575573904,20124399221,-1,2293.01000000,0.00560000,12.84085600,0.01284086,USDT,2024-09-16 15:22:20.631,False,True,True
ETHUSDT,1575573905,20124399221,-1,2293.01000000,0.00570000,13.07015700,0.01307016,USDT,2024-09-16 15:22:20.631,False,True,True
ETHUSDT,1575573906,20124399221,-1,2293.01000000,0.01020000,23.38870200,0.02338870,USDT,2024-09-16 15:22:20.634,False,True,True
ETHUSDT,1575573907,20124399221,-1,2293.01000000,0.00570000,13.07015700,0.01307016,USDT,2024-09-16 15:22:20.634,False,True,True
ETHUSDT,1575573908,20124399221,-1,2293.01000000,0.00550000,12.61155500,0.01261156,USDT,2024-09-16 15:22:20.638,False,True,True
ETHUSDT,1575573909,20124399221,-1,2293.01000000,0.00560000,12.84085600,0.01284086,USDT,2024-09-16 15:22:20.644,False,True,True
ETHUSDT,1575573910,20124399221,-1,2293.01000000,0.00470000,10.77714700,0.01077715,USDT,2024-09-16 15:22:20.647,False,True,True
ETHUSDT,1575573911,20124399221,-1,2293.01000000,0.00560000,12.84085600,0.01284086,USDT,2024-09-16 15:22:20.649,False,True,True
ETHUSDT,1575573912,20124399221,-1,2293.01000000,0.25490000,584.48824900,0.58448825,USDT,2024-09-16 15:22:20.657,False,True,True
ETHUSDT,1581969512,20193552950,-1,2424.01000000,0.39440000,956.02954400,0.00039440,ETH,2024-09-19 14:10:01.250,True,False,True
ETHUSDT,1582436553,20193576803,-1,2462.50000000,0.02590000,63.77875000,0.00008430,BNB,2024-09-19 16:27:35.448,False,True,True
ETHUSDT,1582436555,20193576803,-1,2462.50000000,0.36810000,906.44625000,0.90644625,USDT,2024-09-19 16:27:35.455,False,True,True
ETHUSDT,1582773276,20199096800,-1,2476.83000000,0.34860000,863.42293800,0.00034860,ETH,2024-09-19 17:58:09.655,True,False,True
ETHUSDT,1582786980,20199116625,-1,2479.09000000,0.00340000,8.42890600,0.00001107,BNB,2024-09-19 18:03:41.497,False,True,True
ETHUSDT,1582786981,20199116625,-1,2479.09000000,0.34480000,854.79023200,0.85479023,USDT,2024-09-19 18:03:41.539,False,True,True
ETHUSDT,1587356423,20235231064,-1,2551.32000000,0.30550000,779.42826000,0.00030550,ETH,2024-09-21 11:39:39.358,True,False,True
ETHUSDT,1587365910,20235234346,-1,2557.31000000,0.30510000,780.23528100,0.78023528,USDT,2024-09-21 12:00:15.116,False,True,True
ETHUSDT,1590085739,20259104449,-1,2580.79000000,0.20000000,516.15800000,0.00020000,ETH,2024-09-22 23:11:05.017,True,True,True
ETHUSDT,1590085741,20259104449,-1,2580.79000000,0.10430000,269.17639700,0.00010430,ETH,2024-09-22 23:11:05.017,True,True,True
ETHUSDT,1590110508,20259395910,-1,2581.00000000,0.00010000,0.25810000,0.00025810,USDT,2024-09-22 23:21:06.120,False,True,True
ETHUSDT,1590111579,20259395910,-1,2581.00000000,0.19990000,515.94190000,0.51594190,USDT,2024-09-22 23:21:50.611,False,True,True
ETHUSDT,1590111586,20259395910,-1,2581.00000000,0.10400000,268.42400000,0.26842400,USDT,2024-09-22 23:21:50.611,False,True,True
ETHUSDT,1596181184,20305708403,-1,2659.67000000,0.00200000,5.31934000,0.00000200,ETH,2024-09-24 22:10:28.543,True,True,True
ETHUSDT,1596181186,20305708403,-1,2659.67000000,0.01930000,51.33163100,0.00001930,ETH,2024-09-24 22:10:28.587,True,True,True
ETHUSDT,1596181187,20305708403,-1,2659.67000000,0.11190000,297.61707300,0.00011190,ETH,2024-09-24 22:10:28.629,True,True,True
ETHUSDT,1596181188,20305708403,-1,2659.67000000,0.16680000,443.63295600,0.00016680,ETH,2024-09-24 22:10:28.632,True,True,True
ETHUSDT,1596181190,20305708403,-1,2659.67000000,0.05750000,152.93102500,0.00005750,ETH,2024-09-24 22:10:28.632,True,True,True
ETHUSDT,1603122489,20360320083,-1,2670.00000000,0.26140000,697.93800000,0.69793800,USDT,2024-09-27 14:10:58.158,False,True,True
ETHUSDT,1603122490,20360320083,-1,2670.00000000,0.09570000,255.51900000,0.25551900,USDT,2024-09-27 14:10:58.158,False,True,True
BNBUSDT,799981171,5791949977,-1,506.80000000,0.03900000,19.76520000,0.00002925,BNB,2024-09-09 10:39:07.531,True,False,True
BNBUSDT,800081688,5791951679,-1,508.70000000,0.03800000,19.33060000,0.00002853,BNB,2024-09-09 16:11:29.038,False,True,True
BNBUSDT,800402491,5795830876,-1,519.40000000,0.03800000,19.73720000,0.00002850,BNB,2024-09-10 06:00:31.723,True,False,True
BNBUSDT,800429006,5795834149,-1,521.00000000,0.04800000,25.00800000,0.00003600,BNB,2024-09-10 08:04:30.368,False,True,True
BNBUSDT,800616454,5798066260,-1,518.60000000,0.04800000,24.89280000,0.00003600,BNB,2024-09-10 18:07:13.781,True,False,True
BNBUSDT,800619417,5798069648,-1,520.70000000,0.04800000,24.99360000,0.00003604,BNB,2024-09-10 18:15:59.657,False,True,True
BNBUSDT,800711387,5799003723,-1,515.50000000,0.04900000,25.25950000,0.00003675,BNB,2024-09-11 00:26:51.503,True,True,True
BNBUSDT,800942042,5799004928,-1,520.00000000,0.04900000,25.48000000,0.02548000,USDT,2024-09-11 13:17:29.432,False,True,True
BNBUSDT,801238754,5803738318,-1,532.60000000,0.04800000,25.56480000,0.00003600,BNB,2024-09-11 20:20:26.793,True,False,True
BNBUSDT,801332328,5803739366,-1,540.40000000,0.04700000,25.39880000,0.00003528,BNB,2024-09-12 01:53:31.381,False,True,True
BNBUSDT,801512421,5806039209,-1,545.50000000,0.04600000,25.09300000,0.00003450,BNB,2024-09-12 10:20:12.908,True,False,True
BNBUSDT,801586299,5806601279,-1,542.40000000,0.92200000,500.09280000,0.00069150,BNB,2024-09-12 13:16:03.778,True,True,True
BNBUSDT,801594824,5806606498,-1,547.10000000,0.96800000,529.59280000,0.52959280,USDT,2024-09-12 13:34:38.745,False,True,True
BNBUSDT,801839644,5808567882,-1,539.90000000,0.98000000,529.10200000,0.00073500,BNB,2024-09-12 22:15:40.305,True,False,True
BNBUSDT,801845102,5808569038,-1,543.00000000,0.97900000,531.59700000,0.53159700,USDT,2024-09-12 22:46:50.514,False,True,True
BNBUSDT,801853044,5808690606,-1,541.50000000,0.98100000,531.21150000,0.00073575,BNB,2024-09-12 23:21:34.570,True,True,True
BNBUSDT,801857918,5808698265,-1,544.70000000,0.98000000,533.80600000,0.00073581,BNB,2024-09-12 23:30:30.173,False,True,True
BNBUSDT,801867948,5808752372,-1,544.10000000,0.75400000,410.25140000,0.00056550,BNB,2024-09-12 23:43:12.727,True,True,True
BNBUSDT,801867951,5808752372,-1,544.10000000,0.04400000,23.94040000,0.00003300,BNB,2024-09-12 23:43:13.505,True,True,True
BNBUSDT,801867957,5808752372,-1,544.10000000,0.10600000,57.67460000,0.00007950,BNB,2024-09-12 23:43:20.899,True,True,True
BNBUSDT,801867964,5808752372,-1,544.10000000,0.01800000,9.79380000,0.00001350,BNB,2024-09-12 23:43:26.907,True,True,True
BNBUSDT,801867977,5808752372,-1,544.10000000,0.05900000,32.10190000,0.00004425,BNB,2024-09-12 23:43:47.911,True,True,True
BNBUSDT,801901482,5808762714,-1,545.90000000,0.98000000,534.98200000,0.53498200,USDT,2024-09-13 01:56:35.620,False,True,True
BNBUSDT,802013754,5809862641,-1,541.60000000,0.92200000,499.35520000,0.00069150,BNB,2024-09-13 09:21:16.328,True,False,True
BNBUSDT,802045063,5809863801,-1,543.60000000,0.02800000,15.22080000,0.00002100,BNB,2024-09-13 10:42:19.111,False,True,True
BNBUSDT,802045064,5809863801,-1,543.60000000,0.21500000,116.87400000,0.00016127,BNB,2024-09-13 10:42:20.129,False,True,True
BNBUSDT,802045065,5809863801,-1,543.60000000,0.32900000,178.84440000,0.17884440,USDT,2024-09-13 10:42:21.795,False,True,True
BNBUSDT,802045068,5809863801,-1,543.60000000,0.04700000,25.54920000,0.00003525,BNB,2024-09-13 10:42:24.704,False,True,True
BNBUSDT,802045070,5809863801,-1,543.60000000,0.01800000,9.78480000,0.00001350,BNB,2024-09-13 10:42:25.219,False,True,True
BNBUSDT,802045071,5809863801,-1,543.60000000,0.28400000,154.38240000,0.15438240,USDT,2024-09-13 10:42:29.085,False,True,True
BNBUSDT,802140271,5810645884,-1,548.70000000,0.97800000,536.62860000,0.00073350,BNB,2024-09-13 13:27:51.941,True,False,True
BNBUSDT,802153022,5810647660,-1,549.70000000,0.97700000,537.05690000,0.53705690,USDT,2024-09-13 13:42:03.755,False,True,True
BNBUSDT,802154182,5810719160,-1,549.80000000,0.97500000,536.05500000,0.00073125,BNB,2024-09-13 13:43:24.848,True,False,True
BNBUSDT,802156232,5810725339,-1,550.70000000,0.97400000,536.38180000,0.00073076,BNB,2024-09-13 13:44:18.611,False,False,True
BNBUSDT,802157623,5810729073,-1,551.30000000,0.97300000,536.41490000,0.00072975,BNB,2024-09-13 13:45:10.374,True,True,True
BNBUSDT,802185960,5810736414,-1,553.40000000,0.97200000,537.90480000,0.53790480,USDT,2024-09-13 14:05:05.036,False,True,True
BNBUSDT,802235450,5811138277,-1,548.50000000,0.98000000,537.53000000,0.00073500,BNB,2024-09-13 15:18:25.030,True,True,True
BNBUSDT,802325154,5811308327,-1,555.00000000,0.26100000,144.85500000,0.00019602,BNB,2024-09-13 17:40:47.949,False,True,True
BNBUSDT,802325155,5811308327,-1,555.00000000,1.32900000,737.59500000,0.73759500,USDT,2024-09-13 17:40:47.949,False,True,True
BNBUSDT,802325156,5811308327,-1,555.00000000,1.20300000,667.66500000,0.66766500,USDT,2024-09-13 17:40:47.949,False,True,True
BNBUSDT,802350707,5811950478,-1,554.50000000,2.79200000,1548.16400000,0.00209400,BNB,2024-09-13 18:47:40.762,True,False,True
BNBUSDT,802385342,5812218370,-1,556.40000000,2.79000000,1552.35600000,1.55235600,USDT,2024-09-13 21:15:29.974,False,True,True
BNBUSDT,802421117,5812526024,-1,557.80000000,2.77900000,1550.12620000,0.00208425,BNB,2024-09-13 23:02:19.494,True,False,True
BNBUSDT,802443451,5812588516,-1,558.50000000,0.37100000,207.20350000,0.00027829,BNB,2024-09-14 01:11:21.107,False,True,True
BNBUSDT,802443452,5812588516,-1,558.50000000,1.79000000,999.71500000,0.99971500,USDT,2024-09-14 01:11:21.216,False,True,True
BNBUSDT,802443453,5812588516,-1,558.50000000,0.61500000,343.47750000,0.00046132,BNB,2024-09-14 01:11:21.216,False,True,True
BNBUSDT,802459009,5812868101,-1,557.30000000,2.78100000,1549.85130000,0.00208575,BNB,2024-09-14 02:30:21.107,True,True,True
BNBUSDT,802502392,5813223725,-1,552.90000000,2.77900000,1536.50910000,1.53650910,USDT,2024-09-14 06:04:10.503,False,False,True
BNBUSDT,802856343,5816485207,-1,556.90000000,0.06400000,35.64160000,0.00004800,BNB,2024-09-15 14:27:42.432,True,True,True
BNBUSDT,802857086,5816489085,-1,557.70000000,0.06300000,35.13510000,0.00004727,BNB,2024-09-15 14:29:51.707,False,True,True
BNBUSDT,802866283,5816568930,-1,560.10000000,0.06300000,35.28630000,0.00004725,BNB,2024-09-15 14:55:24.440,True,False,True
BNBUSDT,802878855,5816678265,-1,560.60000000,0.06300000,35.31780000,0.00004728,BNB,2024-09-15 15:41:46.134,False,True,True
BNBUSDT,802879824,5816690806,-1,560.70000000,0.06300000,35.32410000,0.00004725,BNB,2024-09-15 15:45:10.633,True,True,True
BNBUSDT,803005733,5817640400,-1,556.10000000,1.62900000,905.88690000,0.00122175,BNB,2024-09-15 21:12:38.600,True,False,True
BNBUSDT,803006723,5817643029,-1,556.90000000,1.62900000,907.19010000,0.90719010,USDT,2024-09-15 21:14:20.019,False,True,True
BNBUSDT,803009631,5817669735,-1,557.90000000,0.84900000,473.65710000,0.00063675,BNB,2024-09-15 21:19:21.140,True,True,True
BNBUSDT,803009632,5817669735,-1,557.90000000,0.77700000,433.48830000,0.00058275,BNB,2024-09-15 21:19:21.296,True,True,True
BNBUSDT,803012590,5817677456,-1,558.80000000,0.23800000,132.99440000,0.00017862,BNB,2024-09-15 21:29:30.704,False,True,True
BNBUSDT,803012593,5817677456,-1,558.80000000,0.24100000,134.67080000,0.00018087,BNB,2024-09-15 21:29:34.805,False,True,True
BNBUSDT,803012594,5817677456,-1,558.80000000,0.14400000,80.46720000,0.00010807,BNB,2024-09-15 21:29:34.971,False,True,True
BNBUSDT,803012596,5817677456,-1,558.80000000,0.01700000,9.49960000,0.00001275,BNB,2024-09-15 21:29:36.621,False,True,True
BNBUSDT,803012597,5817677456,-1,558.80000000,0.01700000,9.49960000,0.00001275,BNB,2024-09-15 21:29:36.629,False,True,True
BNBUSDT,803012598,5817677456,-1,558.80000000,0.01700000,9.49960000,0.00001275,BNB,2024-09-15 21:29:36.631,False,True,True
BNBUSDT,803012599,5817677456,-1,558.80000000,0.01700000,9.49960000,0.00001275,BNB,2024-09-15 21:29:36.632,False,True,True
BNBUSDT,803012600,5817677456,-1,558.80000000,0.01700000,9.49960000,0.00001275,BNB,2024-09-15 21:29:36.675,False,True,True
BNBUSDT,803012601,5817677456,-1,558.80000000,0.01700000,9.49960000,0.00001275,BNB,2024-09-15 21:29:36.708,False,True,True
BNBUSDT,803012602,5817677456,-1,558.80000000,0.05200000,29.05760000,0.00003902,BNB,2024-09-15 21:29:36.733,False,True,True
BNBUSDT,803012603,5817677456,-1,558.80000000,0.04000000,22.35200000,0.00003001,BNB,2024-09-15 21:29:37.168,False,True,True
BNBUSDT,803012894,5817677456,-1,558.80000000,0.01300000,7.26440000,0.00000975,BNB,2024-09-15 21:30:28.413,False,True,True
BNBUSDT,803012895,5817677456,-1,558.80000000,0.01900000,10.61720000,0.00001425,BNB,2024-09-15 21:30:29.404,False,True,True
BNBUSDT,803012898,5817677456,-1,558.80000000,0.77500000,433.07000000,0.43307000,USDT,2024-09-15 21:30:30.560,False,True,True
BNBUSDT,803014588,5817715007,-1,558.90000000,1.62300000,907.09470000,0.00121725,BNB,2024-09-15 21:36:51.954,True,True,True
BNBUSDT,803018472,5817732276,-1,559.20000000,0.01900000,10.62480000,0.00001425,BNB,2024-09-15 21:52:23.973,False,True,True
BNBUSDT,803018473,5817732276,-1,559.20000000,0.03400000,19.01280000,0.00002550,BNB,2024-09-15 21:52:24.145,False,True,True
BNBUSDT,803018476,5817732276,-1,559.20000000,0.02100000,11.74320000,0.00001575,BNB,2024-09-15 21:52:25.930,False,True,True
BNBUSDT,803018478,5817732276,-1,559.20000000,0.02800000,15.65760000,0.01565760,USDT,2024-09-15 21:52:28.091,False,True,True
BNBUSDT,803018479,5817732276,-1,559.20000000,0.08900000,49.76880000,0.04976880,USDT,2024-09-15 21:52:28.765,False,True,True
BNBUSDT,803018483,5817732276,-1,559.20000000,0.03500000,19.57200000,0.01957200,USDT,2024-09-15 21:52:30.050,False,True,True
BNBUSDT,803018486,5817732276,-1,559.20000000,0.02600000,14.53920000,0.01453920,USDT,2024-09-15 21:52:32.149,False,True,True
BNBUSDT,803018488,5817732276,-1,559.20000000,0.02600000,14.53920000,0.01453920,USDT,2024-09-15 21:52:32.254,False,True,True
BNBUSDT,803018490,5817732276,-1,559.20000000,0.02600000,14.53920000,0.01453920,USDT,2024-09-15 21:52:32.361,False,True,True
BNBUSDT,803018492,5817732276,-1,559.20000000,0.02600000,14.53920000,0.01453920,USDT,2024-09-15 21:52:32.467,False,True,True
BNBUSDT,803018495,5817732276,-1,559.20000000,0.01300000,7.26960000,0.00000975,BNB,2024-09-15 21:52:33.957,False,True,True
BNBUSDT,803018497,5817732276,-1,559.20000000,0.01200000,6.71040000,0.00671040,USDT,2024-09-15 21:52:34.849,False,True,True
BNBUSDT,803018499,5817732276,-1,559.20000000,0.01900000,10.62480000,0.01062480,USDT,2024-09-15 21:52:36.506,False,True,True
BNBUSDT,803018500,5817732276,-1,559.20000000,0.01900000,10.62480000,0.01062480,USDT,2024-09-15 21:52:37.150,False,True,True
BNBUSDT,803018501,5817732276,-1,559.20000000,0.04300000,24.04560000,0.02404560,USDT,2024-09-15 21:52:41.369,False,True,True
BNBUSDT,803018502,5817732276,-1,559.20000000,0.00900000,5.03280000,0.00503280,USDT,2024-09-15 21:52:45.154,False,True,True
BNBUSDT,803018503,5817732276,-1,559.20000000,0.55900000,312.59280000,0.31259280,USDT,2024-09-15 21:52:45.442,False,True,True
BNBUSDT,803018504,5817732276,-1,559.20000000,0.61800000,345.58560000,0.34558560,USDT,2024-09-15 21:52:46.246,False,True,True
BNBUSDT,803020160,5817758626,-1,558.60000000,0.28900000,161.43540000,0.00021675,BNB,2024-09-15 22:01:13.316,True,True,True
BNBUSDT,803020161,5817758626,-1,558.60000000,1.26900000,708.86340000,0.00095175,BNB,2024-09-15 22:01:13.407,True,True,True
BNBUSDT,803025479,5817801353,-1,558.70000000,0.02600000,14.52620000,0.00001950,BNB,2024-09-15 22:14:10.121,False,True,True
BNBUSDT,803025480,5817801353,-1,558.70000000,0.02400000,13.40880000,0.00001800,BNB,2024-09-15 22:14:10.131,False,True,True
BNBUSDT,803025481,5817801353,-1,558.70000000,0.02300000,12.85010000,0.00001725,BNB,2024-09-15 22:14:10.133,False,True,True
BNBUSDT,803025482,5817801353,-1,558.70000000,1.48300000,828.55210000,0.82855210,USDT,2024-09-15 22:14:10.258,False,True,True
BNBUSDT,803025654,5817805961,-1,558.90000000,0.06300000,35.21070000,0.00004726,BNB,2024-09-15 22:15:05.718,False,True,True
BNBUSDT,803623703,5822310442,-1,533.40000000,0.75000000,400.05000000,0.00056250,BNB,2024-09-16 19:48:04.643,True,True,True
BNBUSDT,803623704,5822310442,-1,533.40000000,0.75000000,400.05000000,0.00056250,BNB,2024-09-16 19:48:04.650,True,True,True
BNBUSDT,803623705,5822310442,-1,533.40000000,0.26300000,140.28420000,0.00019725,BNB,2024-09-16 19:48:04.694,True,True,True
BNBUSDT,803681771,5822318877,-1,534.80000000,0.28500000,152.41800000,0.15241800,USDT,2024-09-16 23:43:28.187,False,True,True
BNBUSDT,803681772,5822318877,-1,534.80000000,0.01000000,5.34800000,0.00534800,USDT,2024-09-16 23:43:28.187,False,True,True
BNBUSDT,803681773,5822318877,-1,534.80000000,1.46600000,784.01680000,0.78401680,USDT,2024-09-16 23:43:28.187,False,True,True
BNBUSDT,804881803,5833987712,-1,557.50000000,1.71300000,954.99750000,0.00128475,BNB,2024-09-19 11:18:10.073,True,False,True
BNBUSDT,804893330,5834062758,-1,559.50000000,1.71100000,957.30450000,0.95730450,USDT,2024-09-19 12:05:12.402,False,True,True
BNBUSDT,806117954,5843863453,-1,584.90000000,1.33300000,779.67170000,0.00099975,BNB,2024-09-21 17:34:10.483,True,False,True
BNBUSDT,806158977,5844345020,-1,589.00000000,0.20000000,117.80000000,0.00015009,BNB,2024-09-21 23:15:19.211,False,True,True
BNBUSDT,806158990,5844345020,-1,589.00000000,0.20000000,117.80000000,0.00015009,BNB,2024-09-21 23:15:19.211,False,True,True
BNBUSDT,806158992,5844345020,-1,589.00000000,0.20000000,117.80000000,0.11780000,USDT,2024-09-21 23:15:19.211,False,True,True
BNBUSDT,806158994,5844345020,-1,589.00000000,0.20000000,117.80000000,0.11780000,USDT,2024-09-21 23:15:19.211,False,True,True
BNBUSDT,806158996,5844345020,-1,589.00000000,0.20000000,117.80000000,0.11780000,USDT,2024-09-21 23:15:19.211,False,True,True
BNBUSDT,806158998,5844345020,-1,589.00000000,0.20000000,117.80000000,0.11780000,USDT,2024-09-21 23:15:19.211,False,True,True
BNBUSDT,806159000,5844345020,-1,589.00000000,0.13400000,78.92600000,0.07892600,USDT,2024-09-21 23:15:19.211,False,True,True
BNBUSDT,806766761,5849707009,-1,592.90000000,1.11700000,662.26930000,0.00083775,BNB,2024-09-23 04:49:34.837,True,True,True
BNBUSDT,806767803,5849714822,-1,593.50000000,1.11600000,662.34600000,0.66234600,USDT,2024-09-23 04:53:47.097,False,True,True
BNBUSDT,810190410,5878179536,-1,596.90000000,1.17400000,700.76060000,0.00088050,BNB,2024-09-29 13:20:18.208,True,True,True
BNBUSDT,819019957,5949147382,-1,589.00000000,0.50000000,294.50000000,0.29450000,USDT,2024-10-15 10:41:25.453,False,True,True
BNBUSDT,819020048,5949147382,-1,589.00000000,0.50000000,294.50000000,0.29450000,USDT,2024-10-15 10:41:32.662,False,True,True
BNBUSDT,819020055,5949147382,-1,589.00000000,0.17300000,101.89700000,0.10189700,USDT,2024-10-15 10:41:32.662,False,True,True
XLMUSDT,182615688,2281614524,-1,0.50840000,196.00000000,99.64640000,0.19600000,XLM,2024-12-04 15:26:47.596,True,False,True
XLMUSDT,182630705,2281629512,3109908279,0.49990000,12.00000000,5.99880000,0.00000596,BNB,2024-12-04 15:54:19.097,False,False,True
XLMUSDT,182630706,2281629512,3109908279,0.49990000,183.00000000,91.48170000,0.09148170,USDT,2024-12-04 15:54:19.097,False,False,True
ZENUSDT,53444326,1011929202,-1,17.68000000,22.51000000,397.97680000,0.02251000,ZEN,2024-12-07 16:13:53.497,True,False,True
ZENUSDT,53445676,1011931019,3224538176,17.40000000,22.48000000,391.15200000,0.39115200,USDT,2024-12-07 17:28:08.012,False,False,True
ZENUSDT,53907211,1024233877,-1,14.79000000,23.91000000,353.62890000,0.02391000,ZEN,2024-12-14 12:29:07.110,True,False,True
ZENUSDT,53907212,1024233877,-1,14.79000000,7.19000000,106.34010000,0.00719000,ZEN,2024-12-14 12:29:07.110,True,False,True
ZENUSDT,53907972,1024237236,3494162860,14.60000000,0.98000000,14.30800000,0.01430800,USDT,2024-12-14 12:50:24.901,False,False,True
ZENUSDT,53907973,1024237236,3494162860,14.60000000,1.77000000,25.84200000,0.02584200,USDT,2024-12-14 12:50:24.901,False,False,True
ZENUSDT,53907974,1024237236,3494162860,14.60000000,10.00000000,146.00000000,0.14600000,USDT,2024-12-14 12:50:24.901,False,False,True
ZENUSDT,53907975,1024237236,3494162860,14.60000000,10.00000000,146.00000000,0.14600000,USDT,2024-12-14 12:50:24.901,False,False,True
ZENUSDT,53907976,1024237236,3494162860,14.60000000,2.12000000,30.95200000,0.03095200,USDT,2024-12-14 12:50:24.901,False,False,True
ZENUSDT,53907977,1024237236,3494162860,14.60000000,6.19000000,90.37400000,0.09037400,USDT,2024-12-14 12:50:24.901,False,False,True
ZENUSDT,53912596,1024366572,-1,14.56000000,0.52000000,7.57120000,0.00052000,ZEN,2024-12-14 14:32:04.047,True,False,True
ZENUSDT,53912597,1024366572,-1,14.56000000,0.52000000,7.57120000,0.00052000,ZEN,2024-12-14 14:32:04.047,True,False,True
ZENUSDT,53912598,1024366572,-1,14.56000000,10.30000000,149.96800000,0.01030000,ZEN,2024-12-14 14:32:04.047,True,False,True
ZENUSDT,53912599,1024366572,-1,14.56000000,19.77000000,287.85120000,0.01977000,ZEN,2024-12-14 14:32:04.047,True,False,True
ZENUSDT,53929039,1024755724,-1,14.74000000,1.10000000,16.21400000,0.00110000,ZEN,2024-12-14 21:32:45.789,True,False,True
ZENUSDT,53929040,1024755724,-1,14.74000000,2.90000000,42.74600000,0.00290000,ZEN,2024-12-14 21:32:45.789,True,False,True
ZENUSDT,53929041,1024755724,-1,14.74000000,1.20000000,17.68800000,0.00120000,ZEN,2024-12-14 21:32:45.789,True,False,True
ZENUSDT,53929042,1024755724,-1,14.74000000,2.90000000,42.74600000,0.00290000,ZEN,2024-12-14 21:32:45.789,True,False,True
ZENUSDT,53929043,1024755724,-1,14.74000000,2.10000000,30.95400000,0.00210000,ZEN,2024-12-14 21:32:45.789,True,False,True
ZENUSDT,53929044,1024755724,-1,14.74000000,2.00000000,29.48000000,0.00200000,ZEN,2024-12-14 21:32:45.789,True,False,True
ZENUSDT,53929045,1024755724,-1,14.74000000,2.90000000,42.74600000,0.00290000,ZEN,2024-12-14 21:32:45.789,True,False,True
ZENUSDT,53929046,1024755724,-1,14.74000000,2.00000000,29.48000000,0.00200000,ZEN,2024-12-14 21:32:45.789,True,False,True
ZENUSDT,53929047,1024755724,-1,14.74000000,2.00000000,29.48000000,0.00200000,ZEN,2024-12-14 21:32:45.789,True,False,True
ZENUSDT,53929048,1024755724,-1,14.74000000,2.90000000,42.74600000,0.00290000,ZEN,2024-12-14 21:32:45.789,True,False,True
ZENUSDT,53929049,1024755724,-1,14.74000000,2.10000000,30.95400000,0.00210000,ZEN,2024-12-14 21:32:45.789,True,False,True
ZENUSDT,53929050,1024755724,-1,14.74000000,2.00000000,29.48000000,0.00200000,ZEN,2024-12-14 21:32:45.789,True,False,True
ZENUSDT,53929051,1024755724,-1,14.74000000,2.00000000,29.48000000,0.00200000,ZEN,2024-12-14 21:32:45.789,True,False,True
ZENUSDT,53929052,1024755724,-1,14.74000000,3.50000000,51.59000000,0.00350000,ZEN,2024-12-14 21:32:45.789,True,False,True
ZENUSDT,53929053,1024755724,-1,14.74000000,2.90000000,42.74600000,0.00290000,ZEN,2024-12-14 21:32:45.789,True,False,True
ZENUSDT,53929054,1024755724,-1,14.74000000,2.90000000,42.74600000,0.00290000,ZEN,2024-12-14 21:32:45.789,True,False,True
ZENUSDT,53929055,1024755724,-1,14.74000000,2.90000000,42.74600000,0.00290000,ZEN,2024-12-14 21:32:45.789,True,False,True
ZENUSDT,53929056,1024755724,-1,14.74000000,3.50000000,51.59000000,0.00350000,ZEN,2024-12-14 21:32:45.789,True,False,True
ZENUSDT,53929057,1024755724,-1,14.74000000,2.00000000,29.48000000,0.00200000,ZEN,2024-12-14 21:32:45.789,True,False,True
ZENUSDT,53929058,1024755724,-1,14.74000000,2.00000000,29.48000000,0.00200000,ZEN,2024-12-14 21:32:45.789,True,False,True
ZENUSDT,53929059,1024755724,-1,14.74000000,2.00000000,29.48000000,0.00200000,ZEN,2024-12-14 21:32:45.789,True,False,True
ZENUSDT,53929060,1024755724,-1,14.74000000,2.10000000,30.95400000,0.00210000,ZEN,2024-12-14 21:32:45.789,True,False,True
ZENUSDT,53929061,1024755724,-1,14.74000000,3.90000000,57.48600000,0.00390000,ZEN,2024-12-14 21:32:45.789,True,False,True
ZENUSDT,53929062,1024755724,-1,14.74000000,12.04000000,177.46960000,0.01204000,ZEN,2024-12-14 21:32:45.789,True,False,True
ZENUSDT,53957239,1025647506,-1,15.21000000,7.02000000,106.77420000,0.00702000,ZEN,2024-12-15 15:36:04.068,True,False,True
ZENUSDT,53973479,1026156340,-1,15.32000000,29.25000000,448.11000000,0.44811000,USDT,2024-12-16 01:10:53.693,False,False,True
ZENUSDT,53973480,1026156340,-1,15.32000000,60.53000000,927.31960000,0.92731960,USDT,2024-12-16 01:10:53.693,False,False,True
ZENUSDT,53973481,1026156340,-1,15.32000000,0.49000000,7.50680000,0.00750680,USDT,2024-12-16 01:10:53.693,False,False,True
ZENUSDT,53973482,1026156340,-1,15.32000000,0.49000000,7.50680000,0.00750680,USDT,2024-12-16 01:10:53.693,False,False,True
ZENUSDT,53973483,1026156340,-1,15.32000000,2.20000000,33.70400000,0.03370400,USDT,2024-12-16 01:10:53.693,False,False,True
ZENUSDT,53973484,1026156340,-1,15.32000000,2.30000000,35.23600000,0.03523600,USDT,2024-12-16 01:10:53.693,False,False,True
ZENUSDT,53973485,1026156340,-1,15.32000000,3.10000000,47.49200000,0.04749200,USDT,2024-12-16 01:10:53.693,False,False,True
ZENUSDT,53973486,1026156340,-1,15.32000000,2.90000000,44.42800000,0.04442800,USDT,2024-12-16 01:10:53.693,False,False,True
ZENUSDT,53973487,1026156340,-1,15.32000000,2.20000000,33.70400000,0.03370400,USDT,2024-12-16 01:10:53.693,False,False,True
ZENUSDT,53973488,1026156340,-1,15.32000000,2.41000000,36.92120000,0.03692120,USDT,2024-12-16 01:10:53.693,False,False,True
ZENUSDT,54273655,1032416435,-1,15.20000000,3.41000000,51.83200000,0.00341000,ZEN,2024-12-19 18:14:16.011,True,True,True
ZENUSDT,54273656,1032416435,-1,15.20000000,61.12000000,929.02400000,0.06112000,ZEN,2024-12-19 18:14:16.013,True,True,True
ZENUSDT,54274023,1032422903,-1,15.24000000,1.47000000,22.40280000,0.02240280,USDT,2024-12-19 18:16:30.231,False,True,True
ZENUSDT,54274024,1032422903,-1,15.24000000,62.99000000,959.96760000,0.95996760,USDT,2024-12-19 18:16:30.233,False,True,True
USDCUSDT,254473167,893826704,-1,1.00050000,176.00000000,176.08800000,0.00000000,BNB,2025-04-08 02:03:01.431,False,True,True
USDCUSDT,254473172,893826704,-1,1.00050000,177.00000000,177.08850000,0.00000000,BNB,2025-04-08 02:03:01.679,False,True,True
USDCUSDT,378815635,1324247064,-1,1.00010000,999.00000000,999.09990000,0.00000000,BNB,2026-01-17 18:25:22.103,False,False,True
FTMUSDT,300759397,4160583742,-1,1.43960000,5.00000000,7.19800000,0.00000750,BNB,2024-12-16 01:26:48.592,True,False,True
FTMUSDT,300759398,4160583742,-1,1.43960000,6.00000000,8.63760000,0.00000900,BNB,2024-12-16 01:26:48.592,True,False,True
FTMUSDT,300759399,4160583742,-1,1.43960000,166.00000000,238.97360000,0.16600000,FTM,2024-12-16 01:26:48.592,True,False,True
FTMUSDT,300759400,4160583742,-1,1.43960000,277.00000000,398.76920000,0.27700000,FTM,2024-12-16 01:26:48.592,True,False,True
FTMUSDT,300759401,4160583742,-1,1.43970000,170.00000000,244.74900000,0.17000000,FTM,2024-12-16 01:26:48.592,True,False,True
FTMUSDT,300759402,4160583742,-1,1.43970000,197.00000000,283.62090000,0.19700000,FTM,2024-12-16 01:26:48.592,True,False,True
FTMUSDT,300759403,4160583742,-1,1.43970000,6.00000000,8.63820000,0.00000900,BNB,2024-12-16 01:26:48.592,True,False,True
FTMUSDT,300759404,4160583742,-1,1.43980000,298.00000000,429.06040000,0.29800000,FTM,2024-12-16 01:26:48.592,True,False,True
FTMUSDT,301080142,4166242830,-1,1.38500000,310.00000000,429.35000000,0.42935000,USDT,2024-12-16 18:27:15.744,False,True,True
FTMUSDT,301080143,4166242830,-1,1.38500000,813.00000000,1126.00500000,1.12600500,USDT,2024-12-16 18:27:15.745,False,True,True
SOLUSDT,705144566,7703514195,-1,146.83000000,0.59500000,87.36385000,0.00059500,SOL,2024-09-20 20:34:08.348,True,False,True
SOLUSDT,705144567,7703514195,-1,146.83000000,0.03600000,5.28588000,0.00003600,SOL,2024-09-20 20:34:08.348,True,False,True
SOLUSDT,705144568,7703514195,-1,146.83000000,4.66700000,685.25561000,0.00466700,SOL,2024-09-20 20:34:08.348,True,False,True
SOLUSDT,705273848,7704369837,-1,147.50000000,5.29200000,780.57000000,0.78057000,USDT,2024-09-21 00:40:38.594,False,True,True
SOLUSDT,707848276,7726839890,-1,143.54000000,0.07400000,10.62196000,0.00001308,BNB,2024-09-23 17:35:41.160,True,True,True
SOLUSDT,707848278,7726839890,-1,143.54000000,0.72900000,104.64066000,0.00012891,BNB,2024-09-23 17:35:43.297,True,True,True
SOLUSDT,708173824,7728572118,-1,145.53000000,0.30000000,43.65900000,0.04365900,USDT,2024-09-24 02:42:20.414,False,True,True
SOLUSDT,708173838,7728572118,-1,145.53000000,0.30000000,43.65900000,0.04365900,USDT,2024-09-24 02:42:20.414,False,True,True
SOLUSDT,708173840,7728572118,-1,145.53000000,0.20300000,29.54259000,0.02954259,USDT,2024-09-24 02:42:20.414,False,True,True
SOLUSDT,1630216949,14668628079,-1,194.88000000,5.14800000,1003.24224000,0.00514800,SOL,2025-10-14 09:49:25.650,True,False,True
SOLUSDT,1631366776,14668658135,-1,199.10000000,5.14200000,1023.77220000,1.02377220,USDT,2025-10-14 15:45:23.033,False,True,True
SOLUSDT,1633593475,14698066342,-1,204.39000000,0.02600000,5.31414000,0.00002600,SOL,2025-10-15 07:21:00.598,True,False,True
SOLUSDT,1633593476,14698066342,-1,204.39000000,0.02600000,5.31414000,0.00002600,SOL,2025-10-15 07:21:00.598,True,False,True
SOLUSDT,1633593477,14698066342,-1,204.39000000,2.79000000,570.24810000,0.00279000,SOL,2025-10-15 07:21:00.598,True,False,True
SOLUSDT,1633593478,14698066342,-1,204.39000000,2.00100000,408.98439000,0.00200100,SOL,2025-10-15 07:21:00.598,True,False,True
SOLUSDT,1638814642,14740889742,-1,187.29000000,0.00600000,1.12374000,0.00000600,SOL,2025-10-16 16:37:53.771,True,False,True
SOLUSDT,1638814643,14740889742,-1,187.29000000,0.02800000,5.24412000,0.00002800,SOL,2025-10-16 16:37:53.771,True,False,True
SOLUSDT,1638814644,14740889742,-1,187.29000000,0.02800000,5.24412000,0.00002800,SOL,2025-10-16 16:37:53.771,True,False,True
SOLUSDT,1638814645,14740889742,-1,187.29000000,0.02800000,5.24412000,0.00002800,SOL,2025-10-16 16:37:53.771,True,False,True
SOLUSDT,1638814646,14740889742,-1,187.29000000,0.02800000,5.24412000,0.00002800,SOL,2025-10-16 16:37:53.771,True,False,True
SOLUSDT,1638814647,14740889742,-1,187.29000000,0.02800000,5.24412000,0.00002800,SOL,2025-10-16 16:37:53.771,True,False,True
SOLUSDT,1638814648,14740889742,-1,187.29000000,0.02800000,5.24412000,0.00002800,SOL,2025-10-16 16:37:53.771,True,False,True
SOLUSDT,1638814649,14740889742,-1,187.29000000,0.31700000,59.37093000,0.00031700,SOL,2025-10-16 16:37:53.771,True,False,True
SOLUSDT,1638814650,14740889742,-1,187.29000000,0.25800000,48.32082000,0.00025800,SOL,2025-10-16 16:37:53.771,True,False,True
SOLUSDT,1638814651,14740889742,-1,187.29000000,0.02900000,5.43141000,0.00002900,SOL,2025-10-16 16:37:53.771,True,False,True
SOLUSDT,1638814652,14740889742,-1,187.29000000,0.02800000,5.24412000,0.00002800,SOL,2025-10-16 16:37:53.771,True,False,True
SOLUSDT,1638814653,14740889742,-1,187.29000000,0.02800000,5.24412000,0.00002800,SOL,2025-10-16 16:37:53.771,True,False,True
SOLUSDT,1638814654,14740889742,-1,187.29000000,0.02900000,5.43141000,0.00002900,SOL,2025-10-16 16:37:53.771,True,False,True
SOLUSDT,1638814655,14740889742,-1,187.29000000,0.02800000,5.24412000,0.00002800,SOL,2025-10-16 16:37:53.771,True,False,True
SOLUSDT,1638814656,14740889742,-1,187.29000000,0.02800000,5.24412000,0.00002800,SOL,2025-10-16 16:37:53.771,True,False,True
SOLUSDT,1638814657,14740889742,-1,187.30000000,1.77100000,331.70830000,0.00177100,SOL,2025-10-16 16:37:53.771,True,False,True
SOLUSDT,1649616712,14740922419,-1,194.00000000,2.68700000,521.27800000,0.52127800,USDT,2025-10-20 06:32:22.608,False,True,True
SOLUSDT,1651684759,14838654366,-1,184.03000000,2.71600000,499.82548000,0.00271600,SOL,2025-10-21 04:24:02.605,True,False,True
SOLUSDT,1652623027,14838681827,-1,190.00000000,2.71300000,515.47000000,0.51547000,USDT,2025-10-21 14:48:42.729,False,True,True
SOLUSDT,1657190215,14881321616,-1,180.33000000,0.02800000,5.04924000,0.00002800,SOL,2025-10-23 00:13:23.819,True,False,True
SOLUSDT,1657190216,14881321616,-1,180.33000000,0.02900000,5.22957000,0.00002900,SOL,2025-10-23 00:13:23.819,True,False,True
SOLUSDT,1657190217,14881321616,-1,180.33000000,0.02900000,5.22957000,0.00002900,SOL,2025-10-23 00:13:23.819,True,False,True
SOLUSDT,1657190218,14881321616,-1,180.33000000,0.05600000,10.09848000,0.00005600,SOL,2025-10-23 00:13:23.819,True,False,True
SOLUSDT,1657190219,14881321616,-1,180.33000000,0.41100000,74.11563000,0.00041100,SOL,2025-10-23 00:13:23.819,True,False,True
SOLUSDT,1657190220,14881321616,-1,180.33000000,0.03000000,5.40990000,0.00003000,SOL,2025-10-23 00:13:23.819,True,False,True
SOLUSDT,1657190221,14881321616,-1,180.33000000,2.18900000,394.74237000,0.00218900,SOL,2025-10-23 00:13:23.819,True,False,True
SOLUSDT,1657508014,14881325597,-1,185.00000000,2.76900000,512.26500000,0.51226500,USDT,2025-10-23 06:13:22.362,False,True,True
SOLUSDT,1658185519,14888519612,-1,190.00000000,4.83800000,919.22000000,0.91922000,USDT,2025-10-23 13:26:35.235,False,True,True
SOLUSDT,1659879133,14901951016,-1,193.05000000,1.03600000,199.99980000,0.00103600,SOL,2025-10-24 08:40:30.699,True,False,True
SOLUSDT,1659880241,14901952821,-1,193.15000000,0.11500000,22.21225000,0.02221225,USDT,2025-10-24 08:43:09.471,False,True,True
SOLUSDT,1659880242,14901952821,-1,193.15000000,0.91900000,177.50485000,0.17750485,USDT,2025-10-24 08:43:09.471,False,True,True
SOLUSDT,1661716405,14915810162,-1,192.28000000,2.60000000,499.92800000,0.00260000,SOL,2025-10-25 17:33:40.364,True,False,True
SOLUSDT,1661754312,14915848827,-1,194.00000000,2.59700000,503.81800000,0.50381800,USDT,2025-10-25 18:31:26.529,False,True,True
SOLUSDT,1670561636,14980334703,-1,193.80000000,2.57900000,499.81020000,0.00257900,SOL,2025-10-29 19:02:01.584,True,True,True
SOLUSDT,1671544478,14984990566,-1,197.53000000,2.57600000,508.83728000,0.50883728,USDT,2025-10-30 02:51:14.358,False,True,True
SOLUSDT,1671709942,14987421377,-1,193.75000000,0.03100000,6.00625000,0.00003100,SOL,2025-10-30 04:15:09.282,True,True,True
SOLUSDT,1671709943,14987421377,-1,193.75000000,2.59200000,502.20000000,0.00259200,SOL,2025-10-30 04:15:09.284,True,True,True
SOLUSDT,1674349427,15007869989,-1,180.79000000,0.02800000,5.06212000,0.00002800,SOL,2025-10-30 19:27:46.591,True,False,True
SOLUSDT,1674349428,15007869989,-1,180.79000000,0.05600000,10.12424000,0.00005600,SOL,2025-10-30 19:27:46.591,True,False,True
SOLUSDT,1674349429,15007869989,-1,180.79000000,0.02900000,5.24291000,0.00002900,SOL,2025-10-30 19:27:46.591,True,False,True
SOLUSDT,1674349430,15007869989,-1,180.79000000,0.02900000,5.24291000,0.00002900,SOL,2025-10-30 19:27:46.591,True,False,True
SOLUSDT,1674349431,15007869989,-1,180.79000000,0.03000000,5.42370000,0.00003000,SOL,2025-10-30 19:27:46.591,True,False,True
SOLUSDT,1674349432,15007869989,-1,180.79000000,0.03000000,5.42370000,0.00003000,SOL,2025-10-30 19:27:46.591,True,False,True
SOLUSDT,1674349433,15007869989,-1,180.79000000,0.05600000,10.12424000,0.00005600,SOL,2025-10-30 19:27:46.591,True,False,True
SOLUSDT,1674349434,15007869989,-1,180.79000000,2.50700000,453.24053000,0.00250700,SOL,2025-10-30 19:27:46.591,True,False,True
SOLUSDT,1676834356,15026984737,-1,188.00000000,2.76200000,519.25600000,0.51925600,USDT,2025-10-31 19:34:12.141,False,True,True
SOLUSDT,1678774572,15042980167,-1,184.40000000,0.08600000,15.85840000,0.00008600,SOL,2025-11-02 14:44:14.637,True,True,True
SOLUSDT,1678774573,15042980167,-1,184.40000000,0.17000000,31.34800000,0.00017000,SOL,2025-11-02 14:44:14.802,True,True,True
SOLUSDT,1678774574,15042980167,-1,184.40000000,2.40600000,443.66640000,0.00240600,SOL,2025-11-02 14:44:15.172,True,True,True
SOLUSDT,1679291957,15042992720,-1,187.43000000,2.65900000,498.37637000,0.49837637,USDT,2025-11-02 23:52:58.267,False,True,True
SOLUSDT,1679631117,15048918158,-1,183.10000000,2.79000000,510.84900000,0.00279000,SOL,2025-11-03 02:47:03.432,True,True,True
SOLUSDT,1682272338,15067480450,-1,169.93000000,0.03000000,5.09790000,0.00003000,SOL,2025-11-03 17:23:37.372,True,False,True
SOLUSDT,1682272339,15067480450,-1,169.93000000,0.05900000,10.02587000,0.00005900,SOL,2025-11-03 17:23:37.372,True,False,True
SOLUSDT,1682272340,15067480450,-1,169.93000000,0.03200000,5.43776000,0.00003200,SOL,2025-11-03 17:23:37.372,True,False,True
SOLUSDT,1682272341,15067480450,-1,169.93000000,0.03200000,5.43776000,0.00003200,SOL,2025-11-03 17:23:37.372,True,False,True
SOLUSDT,1682272342,15067480450,-1,169.93000000,0.03100000,5.26783000,0.00003100,SOL,2025-11-03 17:23:37.372,True,False,True
SOLUSDT,1682272343,15067480450,-1,169.93000000,0.03100000,5.26783000,0.00003100,SOL,2025-11-03 17:23:37.372,True,False,True
SOLUSDT,1682272344,15067480450,-1,169.93000000,0.06000000,10.19580000,0.00006000,SOL,2025-11-03 17:23:37.372,True,False,True
SOLUSDT,1682272345,15067480450,-1,169.93000000,0.03100000,5.26783000,0.00003100,SOL,2025-11-03 17:23:37.372,True,False,True
SOLUSDT,1682272346,15067480450,-1,169.93000000,0.03100000,5.26783000,0.00003100,SOL,2025-11-03 17:23:37.372,True,False,True
SOLUSDT,1682272347,15067480450,-1,169.93000000,2.60500000,442.66765000,0.00260500,SOL,2025-11-03 17:23:37.372,True,False,True
SOLUSDT,1769868626,15701830345,-1,137.41000000,0.03700000,5.08417000,0.00003700,SOL,2025-12-08 15:06:31.771,True,False,True
SOLUSDT,1769868627,15701830345,-1,137.41000000,0.03900000,5.35899000,0.00003900,SOL,2025-12-08 15:06:31.771,True,False,True
SOLUSDT,1769868628,15701830345,-1,137.41000000,0.03900000,5.35899000,0.00003900,SOL,2025-12-08 15:06:31.771,True,False,True
SOLUSDT,1769868629,15701830345,-1,137.41000000,0.03900000,5.35899000,0.00003900,SOL,2025-12-08 15:06:31.771,True,False,True
SOLUSDT,1769868630,15701830345,-1,137.41000000,0.03900000,5.35899000,0.00003900,SOL,2025-12-08 15:06:31.771,True,False,True
SOLUSDT,1769868631,15701830345,-1,137.41000000,0.03900000,5.35899000,0.00003900,SOL,2025-12-08 15:06:31.771,True,False,True
SOLUSDT,1769868632,15701830345,-1,137.41000000,0.03900000,5.35899000,0.00003900,SOL,2025-12-08 15:06:31.771,True,False,True
SOLUSDT,1769868633,15701830345,-1,137.41000000,0.03900000,5.35899000,0.00003900,SOL,2025-12-08 15:06:31.771,True,False,True
SOLUSDT,1769868634,15701830345,-1,137.41000000,0.03900000,5.35899000,0.00003900,SOL,2025-12-08 15:06:31.771,True,False,True
SOLUSDT,1769868635,15701830345,-1,137.41000000,0.03900000,5.35899000,0.00003900,SOL,2025-12-08 15:06:31.771,True,False,True
SOLUSDT,1769868636,15701830345,-1,137.41000000,0.03900000,5.35899000,0.00003900,SOL,2025-12-08 15:06:31.771,True,False,True
SOLUSDT,1769868637,15701830345,-1,137.41000000,0.07400000,10.16834000,0.00007400,SOL,2025-12-08 15:06:31.771,True,False,True
SOLUSDT,1769868638,15701830345,-1,137.41000000,0.17000000,23.35970000,0.00017000,SOL,2025-12-08 15:06:31.771,True,False,True
SOLUSDT,1769868639,15701830345,-1,137.41000000,0.03800000,5.22158000,0.00003800,SOL,2025-12-08 15:06:31.771,True,False,True
SOLUSDT,1769868640,15701830345,-1,137.41000000,0.03800000,5.22158000,0.00003800,SOL,2025-12-08 15:06:31.771,True,False,True
SOLUSDT,1769868641,15701830345,-1,137.41000000,0.03900000,5.35899000,0.00003900,SOL,2025-12-08 15:06:31.771,True,False,True
SOLUSDT,1769868642,15701830345,-1,137.41000000,0.03900000,5.35899000,0.00003900,SOL,2025-12-08 15:06:31.771,True,False,True
SOLUSDT,1769868643,15701830345,-1,137.41000000,0.03900000,5.35899000,0.00003900,SOL,2025-12-08 15:06:31.771,True,False,True
SOLUSDT,1769868644,15701830345,-1,137.42000000,0.03700000,5.08454000,0.00003700,SOL,2025-12-08 15:06:31.771,True,False,True
SOLUSDT,1769868645,15701830345,-1,137.42000000,0.03900000,5.35938000,0.00003900,SOL,2025-12-08 15:06:31.771,True,False,True
SOLUSDT,1769868646,15701830345,-1,137.42000000,0.03900000,5.35938000,0.00003900,SOL,2025-12-08 15:06:31.771,True,False,True
SOLUSDT,1769868647,15701830345,-1,137.42000000,0.47600000,65.41192000,0.00047600,SOL,2025-12-08 15:06:31.771,True,False,True
SOLUSDT,1771818286,15701840994,-1,139.00000000,1.45300000,201.96700000,0.20196700,USDT,2025-12-09 16:00:42.337,False,True,True
SOLUSDT,1780263513,15773477550,-1,131.45000000,0.03900000,5.12655000,0.00003900,SOL,2025-12-12 21:14:29.923,True,False,True
SOLUSDT,1780263514,15773477550,-1,131.45000000,0.05800000,7.62410000,0.00005800,SOL,2025-12-12 21:14:29.923,True,False,True
SOLUSDT,1780263515,15773477550,-1,131.45000000,0.07700000,10.12165000,0.00007700,SOL,2025-12-12 21:14:29.923,True,False,True
SOLUSDT,1780263516,15773477550,-1,131.45000000,0.03900000,5.12655000,0.00003900,SOL,2025-12-12 21:14:29.923,True,False,True
SOLUSDT,1780263517,15773477550,-1,131.45000000,0.04200000,5.52090000,0.00004200,SOL,2025-12-12 21:14:29.923,True,False,True
SOLUSDT,1780263518,15773477550,-1,131.45000000,0.04100000,5.38945000,0.00004100,SOL,2025-12-12 21:14:29.923,True,False,True
SOLUSDT,1780263519,15773477550,-1,131.45000000,0.04100000,5.38945000,0.00004100,SOL,2025-12-12 21:14:29.923,True,False,True
SOLUSDT,1780263520,15773477550,-1,131.45000000,0.04000000,5.25800000,0.00004000,SOL,2025-12-12 21:14:29.923,True,False,True
SOLUSDT,1780263521,15773477550,-1,131.45000000,0.04000000,5.25800000,0.00004000,SOL,2025-12-12 21:14:29.923,True,False,True
SOLUSDT,1780263522,15773477550,-1,131.45000000,0.03900000,5.12655000,0.00003900,SOL,2025-12-12 21:14:29.923,True,False,True
SOLUSDT,1780263523,15773477550,-1,131.45000000,0.03900000,5.12655000,0.00003900,SOL,2025-12-12 21:14:29.923,True,False,True
SOLUSDT,1780263524,15773477550,-1,131.45000000,0.08200000,10.77890000,0.00008200,SOL,2025-12-12 21:14:29.923,True,False,True
SOLUSDT,1780263525,15773477550,-1,131.45000000,5.51500000,724.94675000,0.00551500,SOL,2025-12-12 21:14:29.923,True,False,True
SOLUSDT,1780263526,15773477550,-1,131.45000000,0.67000000,88.07150000,0.00067000,SOL,2025-12-12 21:14:29.923,True,False,True
SOLUSDT,1780263527,15773477550,-1,131.45000000,0.67000000,88.07150000,0.00067000,SOL,2025-12-12 21:14:29.923,True,False,True
SOLUSDT,1780263528,15773477550,-1,131.45000000,0.04100000,5.38945000,0.00004100,SOL,2025-12-12 21:14:29.923,True,False,True
SOLUSDT,1780263529,15773477550,-1,131.45000000,0.04100000,5.38945000,0.00004100,SOL,2025-12-12 21:14:29.923,True,False,True
SOLUSDT,1780263530,15773477550,-1,131.45000000,0.04100000,5.38945000,0.00004100,SOL,2025-12-12 21:14:29.923,True,False,True
SOLUSDT,1780263531,15773477550,-1,131.45000000,0.04100000,5.38945000,0.00004100,SOL,2025-12-12 21:14:29.923,True,False,True
SOLUSDT,1780263532,15773477550,-1,131.45000000,0.01100000,1.44595000,0.00001100,SOL,2025-12-12 21:14:29.923,True,False,True
SOLUSDT,1783824489,15800246110,-1,125.44000000,2.95700000,370.92608000,0.00295700,SOL,2025-12-15 19:26:04.940,True,False,True
SOLUSDT,1806705713,15968028839,-1,133.75000000,5.99100000,801.29625000,0.80129625,USDT,2026-01-04 08:40:51.876,False,False,True
SOLUSDT,1806705714,15968028839,-1,133.75000000,1.00900000,134.95375000,0.13495375,USDT,2026-01-04 08:40:51.876,False,False,True
SOLUSDT,1806715714,15968108989,-1,134.14000000,0.04000000,5.36560000,0.00536560,USDT,2026-01-04 09:00:25.924,False,False,True
SOLUSDT,1806715715,15968108989,-1,134.14000000,0.05600000,7.51184000,0.00751184,USDT,2026-01-04 09:00:25.924,False,False,True
SOLUSDT,1806715716,15968108989,-1,134.14000000,0.07500000,10.06050000,0.01006050,USDT,2026-01-04 09:00:25.924,False,False,True
SOLUSDT,1806715717,15968108989,-1,134.14000000,0.04000000,5.36560000,0.00536560,USDT,2026-01-04 09:00:25.924,False,False,True
SOLUSDT,1806715718,15968108989,-1,134.14000000,0.04000000,5.36560000,0.00536560,USDT,2026-01-04 09:00:25.924,False,False,True
SOLUSDT,1806715719,15968108989,-1,134.14000000,0.03900000,5.23146000,0.00523146,USDT,2026-01-04 09:00:25.924,False,False,True
SOLUSDT,1806715720,15968108989,-1,134.14000000,0.03800000,5.09732000,0.00509732,USDT,2026-01-04 09:00:25.924,False,False,True
SOLUSDT,1806715721,15968108989,-1,134.14000000,0.03900000,5.23146000,0.00523146,USDT,2026-01-04 09:00:25.924,False,False,True
SOLUSDT,1806715722,15968108989,-1,134.14000000,0.03900000,5.23146000,0.00523146,USDT,2026-01-04 09:00:25.924,False,False,True
SOLUSDT,1806715723,15968108989,-1,134.14000000,0.04000000,5.36560000,0.00536560,USDT,2026-01-04 09:00:25.924,False,False,True
SOLUSDT,1806715724,15968108989,-1,134.14000000,0.04000000,5.36560000,0.00536560,USDT,2026-01-04 09:00:25.924,False,False,True
SOLUSDT,1806715725,15968108989,-1,134.14000000,0.04000000,5.36560000,0.00536560,USDT,2026-01-04 09:00:25.924,False,False,True
SOLUSDT,1806715726,15968108989,-1,134.14000000,0.03900000,5.23146000,0.00523146,USDT,2026-01-04 09:00:25.924,False,False,True
SOLUSDT,1806715727,15968108989,-1,134.14000000,2.04200000,273.91388000,0.27391388,USDT,2026-01-04 09:00:25.924,False,False,True
SOLUSDT,1820700348,16064646034,-1,144.30000000,0.70000000,101.01000000,0.10101000,USDT,2026-01-14 11:15:02.154,False,False,True
SOLUSDT,1821537843,16070743896,-1,147.09000000,8.61900000,1267.76871000,1.26776871,USDT,2026-01-14 21:23:17.558,False,False,True
SOLUSDT,1821538945,16070752619,-1,146.87000000,0.03600000,5.28732000,0.00003600,SOL,2026-01-14 21:25:37.965,True,False,True
SOLUSDT,1821538946,16070752619,-1,146.87000000,0.03500000,5.14045000,0.00003500,SOL,2026-01-14 21:25:37.965,True,False,True
SOLUSDT,1821538947,16070752619,-1,146.87000000,0.03600000,5.28732000,0.00003600,SOL,2026-01-14 21:25:37.965,True,False,True
SOLUSDT,1821538948,16070752619,-1,146.87000000,0.05200000,7.63724000,0.00005200,SOL,2026-01-14 21:25:37.965,True,False,True
SOLUSDT,1821538949,16070752619,-1,146.87000000,0.03600000,5.28732000,0.00003600,SOL,2026-01-14 21:25:37.965,True,False,True
SOLUSDT,1821538950,16070752619,-1,146.87000000,0.06900000,10.13403000,0.00006900,SOL,2026-01-14 21:25:37.965,True,False,True
SOLUSDT,1821538951,16070752619,-1,146.87000000,0.03500000,5.14045000,0.00003500,SOL,2026-01-14 21:25:37.965,True,False,True
SOLUSDT,1821538952,16070752619,-1,146.87000000,0.03500000,5.14045000,0.00003500,SOL,2026-01-14 21:25:37.965,True,False,True
SOLUSDT,1821538953,16070752619,-1,146.87000000,0.03600000,5.28732000,0.00003600,SOL,2026-01-14 21:25:37.965,True,False,True
SOLUSDT,1821538954,16070752619,-1,146.87000000,0.03500000,5.14045000,0.00003500,SOL,2026-01-14 21:25:37.965,True,False,True
SOLUSDT,1821538955,16070752619,-1,146.87000000,0.03600000,5.28732000,0.00003600,SOL,2026-01-14 21:25:37.965,True,False,True
SOLUSDT,1821538956,16070752619,-1,146.87000000,0.03600000,5.28732000,0.00003600,SOL,2026-01-14 21:25:37.965,True,False,True
SOLUSDT,1821538957,16070752619,-1,146.87000000,0.03600000,5.28732000,0.00003600,SOL,2026-01-14 21:25:37.965,True,False,True
SOLUSDT,1821538958,16070752619,-1,146.87000000,0.03600000,5.28732000,0.00003600,SOL,2026-01-14 21:25:37.965,True,False,True
SOLUSDT,1821538959,16070752619,-1,146.87000000,0.03600000,5.28732000,0.00003600,SOL,2026-01-14 21:25:37.965,True,False,True
SOLUSDT,1821538960,16070752619,-1,146.87000000,0.03600000,5.28732000,0.00003600,SOL,2026-01-14 21:25:37.965,True,False,True
SOLUSDT,1821538961,16070752619,-1,146.87000000,3.87000000,568.38690000,0.00387000,SOL,2026-01-14 21:25:37.965,True,False,True
SOLUSDT,1821538962,16070752619,-1,146.87000000,4.13000000,606.57310000,0.00413000,SOL,2026-01-14 21:25:37.965,True,False,True
SOLUSDT,1823939057,16087833930,-1,145.00000000,1.25000000,181.25000000,0.18125000,USDT,2026-01-16 23:14:51.693,False,True,True
CHRUSDT,92473360,1278717699,-1,0.33220000,273.00000000,90.69060000,0.27300000,CHR,2024-12-12 19:54:38.260,True,False,True
CHRUSDT,92473361,1278717699,-1,0.33230000,23.00000000,7.64290000,0.02300000,CHR,2024-12-12 19:54:38.260,True,False,True
CHRUSDT,92473362,1278717699,-1,0.33230000,23.00000000,7.64290000,0.02300000,CHR,2024-12-12 19:54:38.260,True,False,True
CHRUSDT,92473363,1278717699,-1,0.33230000,1000.00000000,332.30000000,1.00000000,CHR,2024-12-12 19:54:38.260,True,False,True
CHRUSDT,92473364,1278717699,-1,0.33240000,185.00000000,61.49400000,0.18500000,CHR,2024-12-12 19:54:38.260,True,False,True
CHRUSDT,92519274,1278718932,-1,0.34520000,1502.00000000,518.49040000,0.51849040,USDT,2024-12-14 01:49:19.721,False,True,True
PONDUSDT,39517364,329630718,-1,0.02299000,664.00000000,15.26536000,0.00001530,BNB,2024-12-14 04:30:46.397,True,False,True
PONDUSDT,39517365,329630718,-1,0.02300000,3684.00000000,84.73200000,0.00008490,BNB,2024-12-14 04:30:46.397,True,False,True
PONDUSDT,39565629,329631004,-1,0.02460000,4348.00000000,106.96080000,0.10696080,USDT,2024-12-15 09:54:56.830,False,True,True
GTCUSDT,38790034,772888755,3073787298,1.22800000,22.10000000,27.13880000,0.02210000,GTC,2024-12-03 16:36:56.011,True,False,True
GTCUSDT,38790035,772888755,3073787298,1.22800000,59.30000000,72.82040000,0.05930000,GTC,2024-12-03 16:36:56.011,True,False,True
GTCUSDT,38798788,773130839,3083429529,1.30000000,81.30000000,105.69000000,0.10569000,USDT,2024-12-04 00:09:00.915,False,True,True
WLDUSDT,150675383,1986331057,-1,3.08900000,161.80000000,499.80020000,0.16180000,WLD,2024-12-11 17:09:30.911,True,False,True
WLDUSDT,150809085,1988007422,3411097189,3.09900000,161.60000000,500.79840000,0.50079840,USDT,2024-12-12 00:48:17.172,False,False,True
WLDUSDT,151025251,1990482664,-1,3.27100000,152.80000000,499.80880000,0.15280000,WLD,2024-12-12 07:53:10.168,True,True,True
WLDUSDT,151027403,1990485983,-1,3.28000000,122.50000000,401.80000000,0.40180000,USDT,2024-12-12 08:00:21.892,False,True,True
WLDUSDT,151027404,1990485983,-1,3.28000000,30.10000000,98.72800000,0.09872800,USDT,2024-12-12 08:00:21.892,False,True,True
VICUSDT,9171871,110419727,-1,0.53810000,185.83000000,99.99512300,0.18583000,VIC,2024-12-04 10:33:05.489,True,False,True
VICUSDT,9181991,110544003,-1,0.51010000,185.64000000,94.69496400,0.09469496,USDT,2024-12-04 16:44:25.042,False,False,True
AXLUSDT,21187801,587077766,-1,0.80810000,123.74000000,99.99429400,0.12374000,AXL,2024-12-24 17:44:33.792,True,True,True
AXLUSDT,21208540,587278395,-1,0.82700000,123.61000000,102.22547000,0.10222547,USDT,2024-12-25 07:19:13.729,False,True,True
AXLUSDT,21224890,588837919,-1,0.79730000,250.84000000,199.99473200,0.25084000,AXL,2024-12-25 17:36:37.884,True,False,True
AXLUSDT,21450212,601088403,-1,0.68100000,26.80000000,18.25080000,0.01825080,USDT,2025-01-02 07:09:15.193,False,False,True
AXLUSDT,21450213,601088403,-1,0.68100000,11.02000000,7.50462000,0.00750462,USDT,2025-01-02 07:09:15.193,False,False,True
AXLUSDT,21450214,601088403,-1,0.68100000,212.76000000,144.88956000,0.14488956,USDT,2025-01-02 07:09:15.193,False,False,True
HMSTRUSDT,21624197,287245252,-1,0.00267100,37439.00,99.99956900,37.44,HMSTR,2024-12-22 21:23:59.223,True,True,True
HMSTRUSDT,21637421,287253035,-1,0.00269000,37401.00,100.60869000,0.10060869,USDT,2024-12-23 03:15:22.257,False,True,True
ACXUSDT,4729561,50237739,-1,0.79440000,56.50000000,44.88360000,0.05650000,ACX,2024-12-16 23:04:52.431,True,False,True
ACXUSDT,4729562,50237739,-1,0.79440000,53.40000000,42.42096000,0.05340000,ACX,2024-12-16 23:04:52.431,True,False,True
ACXUSDT,4729563,50237739,-1,0.79450000,62.80000000,49.89460000,0.06280000,ACX,2024-12-16 23:04:52.431,True,False,True
ACXUSDT,4729564,50237739,-1,0.79450000,251.00000000,199.41950000,0.25100000,ACX,2024-12-16 23:04:52.431,True,False,True
ACXUSDT,4729565,50237739,-1,0.79460000,56.50000000,44.89490000,0.05650000,ACX,2024-12-16 23:04:52.431,True,False,True
ACXUSDT,4729566,50237739,-1,0.79470000,56.50000000,44.90055000,0.05650000,ACX,2024-12-16 23:04:52.431,True,False,True
ACXUSDT,4729567,50237739,-1,0.79480000,92.50000000,73.51900000,0.09250000,ACX,2024-12-16 23:04:52.431,True,False,True
ACXUSDT,4729841,50244381,-1,0.79030000,7.90000000,6.24337000,0.00790000,ACX,2024-12-16 23:07:34.043,True,False,True
ACXUSDT,4729842,50244381,-1,0.79050000,252.00000000,199.20600000,0.25200000,ACX,2024-12-16 23:07:34.043,True,False,True
ACXUSDT,4729843,50244381,-1,0.79050000,9.50000000,7.50975000,0.00950000,ACX,2024-12-16 23:07:34.043,True,False,True
ACXUSDT,4729844,50244381,-1,0.79050000,310.00000000,245.05500000,0.31000000,ACX,2024-12-16 23:07:34.043,True,False,True
ACXUSDT,4729845,50244381,-1,0.79060000,80.40000000,63.56424000,0.08040000,ACX,2024-12-16 23:07:34.043,True,False,True
ACXUSDT,4729846,50244381,-1,0.79060000,9.50000000,7.51070000,0.00950000,ACX,2024-12-16 23:07:34.043,True,False,True
ACXUSDT,4729847,50244381,-1,0.79060000,314.20000000,248.40652000,0.31420000,ACX,2024-12-16 23:07:34.043,True,False,True
ACXUSDT,4729848,50244381,-1,0.79070000,252.00000000,199.25640000,0.25200000,ACX,2024-12-16 23:07:34.043,True,False,True
ACXUSDT,4729849,50244381,-1,0.79070000,9.50000000,7.51165000,0.00950000,ACX,2024-12-16 23:07:34.043,True,False,True
ACXUSDT,4729850,50244381,-1,0.79080000,94.70000000,74.88876000,0.09470000,ACX,2024-12-16 23:07:34.043,True,False,True
ACXUSDT,5348523,60092998,-1,0.58980000,1040.00000000,613.39200000,0.61339200,USDT,2024-12-19 18:09:45.020,False,False,True
ACXUSDT,5348524,60092998,-1,0.58970000,12.80000000,7.54816000,0.00754816,USDT,2024-12-19 18:09:45.020,False,False,True
ACXUSDT,5348525,60092998,-1,0.58970000,12.80000000,7.54816000,0.00754816,USDT,2024-12-19 18:09:45.020,False,False,True
ACXUSDT,5348526,60092998,-1,0.58960000,36.90000000,21.75624000,0.02175624,USDT,2024-12-19 18:09:45.020,False,False,True
ACXUSDT,5348527,60092998,-1,0.58960000,12.80000000,7.54688000,0.00754688,USDT,2024-12-19 18:09:45.020,False,False,True
ACXUSDT,5348528,60092998,-1,0.58950000,36.90000000,21.75255000,0.02175255,USDT,2024-12-19 18:09:45.020,False,False,True
ACXUSDT,5348529,60092998,-1,0.58950000,12.80000000,7.54560000,0.00754560,USDT,2024-12-19 18:09:45.020,False,False,True
ACXUSDT,5348530,60092998,-1,0.58950000,506.80000000,298.75860000,0.29875860,USDT,2024-12-19 18:09:45.020,False,False,True
ACXUSDT,7269947,97975800,-1,0.59230000,12.70000000,7.52221000,0.00752221,USDT,2025-01-02 07:08:38.747,False,False,True
ACXUSDT,7269948,97975800,-1,0.59220000,12.70000000,7.52094000,0.00752094,USDT,2025-01-02 07:08:38.747,False,False,True
ACXUSDT,7269949,97975800,-1,0.59220000,138.00000000,81.72360000,0.08172360,USDT,2025-01-02 07:08:38.747,False,False,True
ACXUSDT,7269950,97975800,-1,0.59220000,131.70000000,77.99274000,0.07799274,USDT,2025-01-02 07:08:38.747,False,False,True
HOMEUSDT,585388,7647895,-1,0.02726000,5105.00000000,139.16230000,5.10500000,HOME,2025-06-15 03:32:12.693,True,False,True
HOMEUSDT,585389,7647895,-1,0.02726000,3862.00000000,105.27812000,3.86200000,HOME,2025-06-15 03:32:12.693,True,False,True
HOMEUSDT,585390,7647895,-1,0.02727000,203.00000000,5.53581000,0.20300000,HOME,2025-06-15 03:32:12.693,True,False,True
HOMEUSDT,1258540,24020356,-1,0.02178000,276.00000000,6.01128000,0.00601128,USDT,2025-06-29 16:51:44.101,False,True,True
HOMEUSDT,1258541,24020356,-1,0.02178000,8978.00000000,195.54084000,0.19554084,USDT,2025-06-29 16:51:45.452,False,True,True
